Date,Open,High,Low,Close,Adj Close,Volume
2018-08-29,7091.709961,7113.299805,6970.819824,7047.160156,7047.160156,4145880000
2018-08-30,7043.759766,7072.689941,6834.689941,6978.22998,6978.22998,4463250000
2018-08-31,6973.970215,7057.169922,6920.160156,7037.580078,7037.580078,4495650000
2018-09-01,7044.810059,7242.290039,7038.049805,7193.25,7193.25,4116050000
2018-09-02,7189.580078,7306.310059,7132.160156,7272.720215,7272.720215,4329540000
2018-09-03,7279.029785,7317.939941,7208.149902,7260.060059,7260.060059,4087760000
2018-09-04,7263,7388.259766,7255.439941,7361.660156,7361.660156,4273640000
2018-09-05,7361.459961,7388.430176,6792.830078,6792.830078,6792.830078,5800460000
2018-09-06,6755.140137,6755.140137,6404.720215,6529.169922,6529.169922,5523470000
2018-09-07,6528.919922,6555.290039,6396.870117,6467.069824,6467.069824,4264680000
2018-09-08,6460.169922,6534.25,6197.52002,6225.97998,6225.97998,3835060000
2018-09-09,6223.379883,6446.259766,6201.220215,6300.859863,6300.859863,3671890000
2018-09-10,6301.569824,6374.97998,6292.759766,6329.700195,6329.700195,3714100000
2018-09-11,6331.879883,6398.919922,6260.209961,6321.200195,6321.200195,3849910000
2018-09-12,6317.009766,6363.870117,6265.089844,6351.799805,6351.799805,4064230000
2018-09-13,6354.240234,6535.410156,6354.240234,6517.310059,6517.310059,4210910000
2018-09-14,6515.410156,6596.100098,6456.169922,6512.709961,6512.709961,4076220000
2018-09-15,6509.399902,6561.720215,6493.549805,6543.200195,6543.200195,3216300000
2018-09-16,6536.680176,6544.330078,6460.100098,6517.180176,6517.180176,3273730000
2018-09-17,6514.060059,6540.209961,6257.52002,6281.200195,6281.200195,3910780000
2018-09-18,6280.910156,6384.180176,6265.709961,6371.299805,6371.299805,4180090000
2018-09-19,6371.850098,6448.459961,6208.339844,6398.540039,6398.540039,4431340000
2018-09-20,6398.850098,6529.259766,6395.950195,6519.669922,6519.669922,4348110000
2018-09-21,6513.870117,6794.330078,6496.359863,6734.950195,6734.950195,6531940000
2018-09-22,6735.049805,6814.560059,6616.799805,6721.97998,6721.97998,4509660000
2018-09-23,6715.319824,6766.149902,6679.419922,6710.629883,6710.629883,4197500000
2018-09-24,6704.77002,6713.560059,6580.899902,6595.410156,6595.410156,4177310000
2018-09-25,6603.640137,6603.640137,6381.859863,6446.470215,6446.470215,4726180000
2018-09-26,6452.790039,6585.910156,6397.890137,6495,6495,4437300000
2018-09-27,6495.290039,6712.100098,6464.950195,6676.75,6676.75,4606810000
2018-09-28,6678.75,6785.029785,6598.319824,6644.129883,6644.129883,5014430000
2018-09-29,6643.100098,6643.100098,6511.649902,6601.959961,6601.959961,4363690000
2018-09-30,6604.709961,6643.779785,6566.540039,6625.560059,6625.560059,4002280000
2018-10-01,6619.850098,6653.299805,6549.080078,6589.620117,6589.620117,4000970000
2018-10-02,6593.240234,6611.839844,6537.899902,6556.100098,6556.100098,3979260000
2018-10-03,6553.859863,6571.459961,6454.029785,6502.589844,6502.589844,3887310000
2018-10-04,6497.910156,6603.310059,6497.910156,6576.689941,6576.689941,3838410000
2018-10-05,6574.149902,6623.620117,6557.410156,6622.47998,6622.47998,3671500000
2018-10-06,6622.450195,6628.540039,6577.799805,6588.310059,6588.310059,3259740000
2018-10-07,6590.680176,6641.490234,6557.040039,6602.950195,6602.950195,3306630000
2018-10-08,6600.189941,6675.060059,6576.040039,6652.22998,6652.22998,3979460000
2018-10-09,6653.080078,6661.410156,6606.939941,6642.640137,6642.640137,3580810000
2018-10-10,6640.290039,6640.290039,6538.959961,6585.529785,6585.529785,3787650000
2018-10-11,6586.740234,6586.740234,6243.740234,6256.240234,6256.240234,5181640000
2018-10-12,6239.25,6328.5,6236.470215,6274.580078,6274.580078,3783500000
2018-10-13,6278.080078,6308.509766,6259.810059,6285.990234,6285.990234,3064030000
2018-10-14,6288.490234,6363.209961,6280.149902,6290.930176,6290.930176,3085320000
2018-10-15,6292.640137,6965.060059,6258.680176,6596.540039,6596.540039,7370770000
2018-10-16,6601.410156,6673.589844,6571.370117,6596.109863,6596.109863,4074800000
2018-10-17,6590.52002,6601.209961,6517.450195,6544.430176,6544.430176,4088420000
2018-10-18,6542.330078,6567.540039,6450.040039,6476.709961,6476.709961,3924080000
2018-10-19,6478.069824,6493.680176,6445.310059,6465.410156,6465.410156,3578870000
2018-10-20,6460.919922,6497.720215,6449,6489.189941,6489.189941,3379130000
2018-10-21,6490.089844,6556.379883,6476,6482.350098,6482.350098,3253610000
2018-10-22,6486.049805,6543.799805,6462.97998,6487.160156,6487.160156,3672860000
2018-10-23,6472.359863,6506.009766,6451.27002,6475.740234,6475.740234,3716150000
2018-10-24,6478.890137,6521.990234,6468.859863,6495.839844,6495.839844,3424670000
2018-10-25,6484.649902,6504.649902,6447.029785,6476.290039,6476.290039,3230550000
2018-10-26,6468.439941,6498.290039,6449.609863,6474.75,6474.75,3306050000
2018-10-27,6480.839844,6507.410156,6453.529785,6480.379883,6480.379883,3393250000
2018-10-28,6482.660156,6502.279785,6447.910156,6486.390137,6486.390137,3445190000
2018-10-29,6492.350098,6503.600098,6306.990234,6332.629883,6332.629883,4199910000
2018-10-30,6337.040039,6364.990234,6310.140137,6334.27002,6334.27002,3781100000
2018-10-31,6336.990234,6349.160156,6316.879883,6317.609863,6317.609863,4191240000
2018-11-01,6318.140137,6547.140137,6311.830078,6377.779785,6377.779785,3789400000
2018-11-02,6378.919922,6396.859863,6327.379883,6388.439941,6388.439941,4234870000
2018-11-03,6387.240234,6400.069824,6342.370117,6361.259766,6361.259766,3658640000
2018-11-04,6365.470215,6388.629883,6294.569824,6376.129883,6376.129883,4390020000
2018-11-05,6363.620117,6480.589844,6363.620117,6419.660156,6419.660156,4174800000
2018-11-06,6433.379883,6463.549805,6408.160156,6461.009766,6461.009766,4700040000
2018-11-07,6468.5,6552.160156,6468.310059,6530.140137,6530.140137,4941260000
2018-11-08,6522.27002,6536.919922,6438.529785,6453.720215,6453.720215,4665260000
2018-11-09,6442.600098,6456.459961,6373.370117,6385.620117,6385.620117,4346820000
2018-11-10,6386.129883,6437.279785,6385.310059,6409.220215,6409.220215,3705320000
2018-11-11,6413.629883,6423.25,6350.169922,6411.27002,6411.27002,3939060000
2018-11-12,6411.759766,6434.209961,6360.470215,6371.27002,6371.27002,4295770000
2018-11-13,6373.189941,6395.27002,6342.669922,6359.490234,6359.490234,4503800000
2018-11-14,6351.240234,6371.549805,5544.089844,5738.350098,5738.350098,7398940000
2018-11-15,5736.149902,5774.819824,5358.379883,5648.029785,5648.029785,7032140000
2018-11-16,5645.319824,5657.02002,5498.939941,5575.549805,5575.549805,5279320000
2018-11-17,5578.580078,5578.580078,5519.560059,5554.330078,5554.330078,4303150000
2018-11-18,5559.740234,5653.609863,5559.740234,5623.540039,5623.540039,4159680000
2018-11-19,5620.779785,5620.779785,4842.910156,4871.490234,4871.490234,7039560000
2018-11-20,4863.930176,4951.609863,4272.109863,4451.870117,4451.870117,8428290000
2018-11-21,4465.540039,4675.72998,4343.97998,4602.169922,4602.169922,6120120000
2018-11-22,4611.569824,4629.640137,4365.640137,4365.939941,4365.939941,4569370000
2018-11-23,4360.700195,4396.419922,4195.680176,4347.109863,4347.109863,4871490000
2018-11-24,4347.689941,4413.089844,3795.159912,3880.76001,3880.76001,4679500000
2018-11-25,3880.780029,4120.870117,3585.060059,4009.969971,4009.969971,6825640000
2018-11-26,4015.070068,4107.140137,3643.919922,3779.129883,3779.129883,6476900000
2018-11-27,3765.949951,3862.959961,3661.01001,3820.719971,3820.719971,5998720000
2018-11-28,3822.469971,4385.899902,3822.469971,4257.419922,4257.419922,7280280000
2018-11-29,4269.004395,4413.020508,4145.765137,4278.84668,4278.84668,6503347767
2018-11-30,4289.088867,4322.976563,3942.822021,4017.268555,4017.268555,6048016717
2018-12-01,4024.464355,4309.377441,3969.710693,4214.671875,4214.671875,5375314093
2018-12-02,4200.733398,4301.519531,4110.978516,4139.87793,4139.87793,5262697895
2018-12-03,4147.32373,4155.979492,3840.446289,3894.130859,3894.130859,5089570994
2018-12-04,3886.294922,4075.627686,3832.75,3956.893799,3956.893799,5028069239
2018-12-05,3958.894775,3969.535889,3753.994873,3753.994873,3753.994873,5302481574
2018-12-06,3754.074463,3874.966064,3521.101807,3521.101807,3521.101807,5878333109
2018-12-07,3512.590332,3512.590332,3280.22876,3419.937256,3419.937256,6835615448
2018-12-08,3421.9104,3506.043457,3350.650635,3476.114746,3476.114746,5305024497
2018-12-09,3473.227539,3685.305664,3469.094238,3614.234375,3614.234375,4947372847
2018-12-10,3612.046387,3647.33252,3470.144531,3502.656006,3502.656006,5020968740
2018-12-11,3497.554688,3513.185059,3392.25,3424.588135,3424.588135,4696765188
2018-12-12,3421.458252,3534.228516,3413.481445,3486.950195,3486.950195,4139364829
2018-12-13,3487.879395,3489.739502,3298.13208,3313.677246,3313.677246,4343372456
2018-12-14,3311.751953,3329.555908,3206.542236,3242.484863,3242.484863,4372763663
2018-12-15,3243.997559,3275.37793,3191.303467,3236.761719,3236.761719,3551763561
2018-12-16,3236.274658,3305.753174,3233.819824,3252.839111,3252.839111,3744248994
2018-12-17,3253.123047,3597.917969,3253.123047,3545.864746,3545.864746,5409247918
2018-12-18,3544.761475,3701.349365,3487.169189,3696.059082,3696.059082,5911325473
2018-12-19,3706.824951,3949.322998,3687.22998,3745.950684,3745.950684,6810689119
2018-12-20,3742.195068,4191.228516,3728.974609,4134.441406,4134.441406,8927129279
2018-12-21,4133.703613,4198.429688,3850.946289,3896.543701,3896.543701,7206015706
2018-12-22,3898.08374,4014.182617,3855.739014,4014.182617,4014.182617,5605823233
2018-12-23,4020.994629,4085.723633,3976.405762,3998.980225,3998.980225,6151275490
2018-12-24,4000.331787,4271.79248,4000.331787,4078.599121,4078.599121,7240968501
2018-12-25,4081.030518,4089.561523,3760.020508,3815.490723,3815.490723,6158207293
2018-12-26,3819.666748,3893.359619,3769.86377,3857.297607,3857.297607,5326547918
2018-12-27,3854.688477,3874.416992,3645.448486,3654.833496,3654.833496,5130222366
2018-12-28,3653.131836,3956.135986,3642.63208,3923.918701,3923.918701,5631554348
2018-12-29,3932.491699,3963.758789,3820.408691,3820.408691,3820.408691,4991655917
2018-12-30,3822.384766,3901.908936,3797.219238,3865.952637,3865.952637,4770578575
2018-12-31,3866.839111,3868.74292,3725.867432,3742.700439,3742.700439,4661840806
2019-01-01,3746.713379,3850.913818,3707.231201,3843.52002,3843.52002,4324200990
2019-01-02,3849.216309,3947.981201,3817.409424,3943.409424,3943.409424,5244856836
2019-01-03,3931.048584,3935.685059,3826.2229,3836.741211,3836.741211,4530215219
2019-01-04,3832.040039,3865.93457,3783.85376,3857.717529,3857.717529,4847965467
2019-01-05,3851.973877,3904.903076,3836.900146,3845.19458,3845.19458,5137609824
2019-01-06,3836.519043,4093.297363,3826.513184,4076.632568,4076.632568,5597027440
2019-01-07,4078.584961,4092.613525,4020.894043,4025.248291,4025.248291,5228625637
2019-01-08,4028.472168,4109.020996,3996.955322,4030.8479,4030.8479,5306593305
2019-01-09,4031.552002,4068.403564,4022.662842,4035.296387,4035.296387,5115905225
2019-01-10,4034.411377,4064.06665,3659.174561,3678.924561,3678.924561,6874143796
2019-01-11,3674.015381,3713.881836,3653.069824,3687.365479,3687.365479,5538712865
2019-01-12,3686.973145,3698.978271,3653.810791,3661.301025,3661.301025,4778170883
2019-01-13,3658.868164,3674.76001,3544.927246,3552.953125,3552.953125,4681302466
2019-01-14,3557.311035,3727.836182,3552.285156,3706.052246,3706.052246,5651384490
2019-01-15,3704.216309,3720.15332,3619.949219,3630.675293,3630.675293,5537192302
2019-01-16,3631.509766,3685.7771,3624.67334,3655.006836,3655.006836,5394457145
2019-01-17,3651.871094,3680.135986,3621.960938,3678.563965,3678.563965,5464420383
2019-01-18,3677.990479,3682.52002,3637.080811,3657.839355,3657.839355,5002961727
2019-01-19,3652.37793,3758.533447,3652.37793,3728.568359,3728.568359,5955691380
2019-01-20,3725.446045,3743.387939,3583.019531,3601.013672,3601.013672,5582489560
2019-01-21,3600.372803,3608.84082,3558.537109,3576.032471,3576.032471,5004347059
2019-01-22,3575.081299,3620.746582,3539.721436,3604.577148,3604.577148,5313623556
2019-01-23,3605.557129,3623.067871,3565.313965,3585.123047,3585.123047,5433755649
2019-01-24,3584.500244,3616.087402,3569.092773,3600.865479,3600.865479,5262869046
2019-01-25,3607.390381,3612.927734,3575.597412,3599.765869,3599.765869,5265847539
2019-01-26,3599.715332,3654.933105,3593.345947,3602.460449,3602.460449,5098183235
2019-01-27,3604.687256,3612.671387,3567.24585,3583.96582,3583.96582,5570752966
2019-01-28,3584.283203,3586.750977,3439.23291,3470.450439,3470.450439,6908930483
2019-01-29,3468.870117,3476.06543,3400.819824,3448.116943,3448.116943,5897159493
2019-01-30,3443.896973,3495.174805,3429.387939,3486.181641,3486.181641,5955112627
2019-01-31,3485.40918,3504.804932,3447.915771,3457.792725,3457.792725,5831198271
2019-02-01,3460.547119,3501.954102,3431.591553,3487.945313,3487.945313,5422926707
2019-02-02,3484.625977,3523.287354,3467.574707,3521.060791,3521.060791,5071623601
2019-02-03,3516.139648,3521.388184,3447.924316,3464.013428,3464.013428,5043937584
2019-02-04,3467.21167,3476.223877,3442.586914,3459.154053,3459.154053,5332718886
2019-02-05,3454.950928,3478.148193,3451.937012,3466.357422,3466.357422,5227549545
2019-02-06,3469.091797,3469.091797,3398.56543,3413.767822,3413.767822,5482196038
2019-02-07,3414.929443,3427.945557,3394.218506,3399.47168,3399.47168,5004962683
2019-02-08,3401.376465,3695.614014,3391.023682,3666.780273,3666.780273,7735623101
2019-02-09,3671.585938,3679.941406,3646.559326,3671.203613,3671.203613,6158833645
2019-02-10,3673.201416,3695.036133,3640.97998,3690.188232,3690.188232,6282256903
2019-02-11,3695.613037,3695.613037,3642.287842,3648.430664,3648.430664,6277056434
2019-02-12,3642.751953,3668.586914,3618.556885,3653.528564,3653.528564,6480384532
2019-02-13,3653.604004,3669.746582,3617.246338,3632.070557,3632.070557,6438903823
2019-02-14,3631.170166,3646.256592,3607.697754,3616.880859,3616.880859,6271044418
2019-02-15,3617.368408,3647.795166,3608.206543,3620.810791,3620.810791,6091952231
2019-02-16,3615.270264,3652.841309,3615.270264,3629.787598,3629.787598,5934744052
2019-02-17,3633.359375,3680.537354,3619.182129,3673.836182,3673.836182,7039512503
2019-02-18,3671.369873,3936.665039,3669.982422,3915.714355,3915.714355,9908216640
2019-02-19,3911.661621,4010.879395,3908.153076,3947.094482,3947.094482,9933626655
2019-02-20,3946.685059,4000.486328,3926.246826,3999.820557,3999.820557,8693373948
2019-02-21,4000.256836,4010.009521,3940.108154,3954.118164,3954.118164,7775128102
2019-02-22,3952.406494,4006.53833,3950.816406,4005.526611,4005.526611,7826525254
2019-02-23,3998.91626,4166.286133,3968.726807,4142.526855,4142.526855,8922258316
2019-02-24,4145.458008,4210.641602,3793.708984,3810.42749,3810.42749,10794227451
2019-02-25,3807.002441,3913.707275,3807.002441,3882.696289,3882.696289,9318796067
2019-02-26,3878.697266,3891.578857,3837.986328,3854.35791,3854.35791,7931218996
2019-02-27,3857.479736,3888.80249,3787.058838,3851.047363,3851.047363,8301309684
2019-02-28,3848.261963,3906.05835,3845.821289,3854.7854,3854.7854,8399767798
2019-03-01,3853.75708,3907.79541,3851.692383,3859.58374,3859.58374,7661247975
2019-03-02,3855.318115,3874.607422,3832.12793,3864.415039,3864.415039,7578786076
2019-03-03,3862.266113,3875.483643,3836.905762,3847.175781,3847.175781,7253558152
2019-03-04,3845.091553,3867.381836,3733.749756,3761.557129,3761.557129,9029175788
2019-03-05,3759.83252,3903.916748,3745.183105,3896.375,3896.375,10174126415
2019-03-06,3897.081055,3919.510498,3871.460693,3903.942627,3903.942627,9175291529
2019-03-07,3903.384766,3939.373291,3894.113037,3911.484375,3911.484375,9584165519
2019-03-08,3913.22583,3950.432129,3875.228516,3901.131592,3901.131592,10638638944
2019-03-09,3894.55249,3987.237793,3892.390381,3963.313721,3963.313721,10796103518
2019-03-10,3966.174316,3966.174316,3924.381104,3951.599854,3951.599854,9713267607
2019-03-11,3953.740234,3966.384766,3889.239014,3905.227295,3905.227295,10125901903
2019-03-12,3903.758301,3926.88916,3863.559082,3909.15625,3909.15625,9809887079
2019-03-13,3913.047363,3926.597656,3891.904297,3906.717285,3906.717285,9469184841
2019-03-14,3905.576904,3946.504395,3901.296875,3924.369141,3924.369141,10480789570
2019-03-15,3926.66333,3968.542969,3914.015381,3960.911133,3960.911133,9394210605
2019-03-16,3963.900146,4077.036377,3961.657471,4048.72583,4048.72583,9856166973
2019-03-17,4047.719482,4054.12207,4006.411133,4025.229004,4025.229004,8221625400
2019-03-18,4029.968506,4071.556641,4009.117188,4032.507324,4032.507324,9646954186
2019-03-19,4032.691895,4082.216064,4023.8125,4071.190186,4071.190186,9344919956
2019-03-20,4070.793945,4089.461914,4031.11084,4087.476318,4087.476318,10175916388
2019-03-21,4083.953857,4097.359863,4005.151367,4029.326904,4029.326904,10831212662
2019-03-22,4028.514648,4053.906738,4021.54248,4023.968262,4023.968262,9252935969
2019-03-23,4022.713379,4049.882568,4015.9646,4035.826416,4035.826416,9578850549
2019-03-24,4035.163574,4040.699707,4006.192871,4022.168213,4022.168213,9144851065
2019-03-25,4024.112793,4038.84082,3934.03125,3963.070557,3963.070557,10359818883
2019-03-26,3969.22876,3985.080811,3944.753174,3985.080811,3985.080811,10707678815
2019-03-27,3984.244873,4087.066162,3977.810547,4087.066162,4087.066162,10897131934
2019-03-28,4087.584473,4094.9021,4040.266357,4069.107178,4069.107178,9353915899
2019-03-29,4068.299805,4113.500977,4034.097168,4098.374512,4098.374512,10918665557
2019-03-30,4092.13623,4296.806641,4053.909668,4106.660156,4106.660156,9732688060
2019-03-31,4105.456055,4113.023438,4094.10083,4105.404297,4105.404297,9045122443
2019-04-01,4105.362305,4164.953125,4096.901367,4158.183105,4158.183105,10157794171
2019-04-02,4156.919434,4905.95459,4155.316895,4879.87793,4879.87793,21315047816
2019-04-03,4879.958008,5307.003418,4876.621094,4973.021973,4973.021973,22899891582
2019-04-04,4971.307617,5063.159668,4836.793945,4922.798828,4922.798828,18251810240
2019-04-05,4922.806152,5053.509766,4919.491699,5036.681152,5036.681152,16837325387
2019-04-06,5036.792969,5205.821777,4992.222168,5059.817383,5059.817383,16929795194
2019-04-07,5062.793945,5235.186523,5050.412109,5198.896973,5198.896973,16655416140
2019-04-08,5199.835449,5318.836426,5148.211914,5289.770996,5289.770996,17154113634
2019-04-09,5289.917969,5289.917969,5167.418945,5204.958496,5204.958496,14722104361
2019-04-10,5204.105469,5421.651367,5193.382324,5324.551758,5324.551758,15504590933
2019-04-11,5325.081543,5354.225586,5017.296387,5064.487793,5064.487793,16555616019
2019-04-12,5061.200684,5103.274414,4955.852539,5089.539063,5089.539063,13675206312
2019-04-13,5088.850098,5127.12207,5061.589355,5096.586426,5096.586426,10823289598
2019-04-14,5095.758789,5184.016113,5053.568359,5167.722168,5167.722168,10391952498
2019-04-15,5167.321777,5196.606934,5024.069336,5067.108398,5067.108398,12290155061
2019-04-16,5066.577637,5238.945313,5055.194824,5235.55957,5235.55957,11618660197
2019-04-17,5236.135254,5274.275391,5219.205566,5251.937988,5251.937988,12438480677
2019-04-18,5251.480469,5319.986328,5250.506836,5298.385742,5298.385742,13256489918
2019-04-19,5298.154297,5336.680176,5233.334961,5303.8125,5303.8125,13780238655
2019-04-20,5304.160645,5358.490723,5295.87793,5337.88623,5337.88623,13169647522
2019-04-21,5335.878906,5359.924805,5257.339355,5314.53125,5314.53125,13731844223
2019-04-22,5312.494629,5422.6875,5280.276855,5399.365234,5399.365234,14601631648
2019-04-23,5399.365723,5633.802246,5389.408691,5572.362305,5572.362305,15867308108
2019-04-24,5571.508301,5642.044434,5418.263184,5464.866699,5464.866699,17048033399
2019-04-25,5466.524414,5542.238281,5181.338867,5210.515625,5210.515625,15330283408
2019-04-26,5210.304688,5383.634277,5177.368652,5279.348145,5279.348145,16812108040
2019-04-27,5279.471191,5310.75,5233.635742,5268.291016,5268.291016,13111274675
2019-04-28,5271.746582,5326.231934,5255.683594,5285.13916,5285.13916,12819992056
2019-04-29,5284.858398,5311.274902,5216.487793,5247.352539,5247.352539,13735490672
2019-04-30,5247.726074,5363.257324,5224.189941,5350.726563,5350.726563,13878964574
2019-05-01,5350.914551,5418.003906,5347.645996,5402.697266,5402.697266,13679528236
2019-05-02,5402.422852,5522.262695,5394.217285,5505.283691,5505.283691,14644460907
2019-05-03,5505.552246,5865.881836,5490.20166,5768.289551,5768.289551,18720780006
2019-05-04,5769.202637,5886.893555,5645.469238,5831.16748,5831.16748,17567780766
2019-05-05,5831.068359,5833.862793,5708.035156,5795.708496,5795.708496,14808830723
2019-05-06,5791.693359,5802.95752,5653.6875,5746.807129,5746.807129,15737171804
2019-05-07,5745.599121,5988.178223,5741.395996,5829.501465,5829.501465,18026409033
2019-05-08,5849.481445,5989.980957,5794.71582,5982.45752,5982.45752,15320605300
2019-05-09,5982.316406,6183.039063,5982.316406,6174.528809,6174.528809,16784645411
2019-05-10,6175.822754,6434.617676,6161.519043,6378.849121,6378.849121,19419875368
2019-05-11,6379.666992,7333.00293,6375.69873,7204.771484,7204.771484,28867562329
2019-05-12,7203.507324,7503.87207,6815.770996,6972.371582,6972.371582,27773333680
2019-05-13,6971.178223,8047.413086,6898.282227,7814.915039,7814.915039,28677672181
2019-05-14,7807.884277,8268.712891,7696.391113,7994.416016,7994.416016,32031452227
2019-05-15,7989.374512,8216.423828,7899.106934,8205.167969,8205.167969,28344112920
2019-05-16,8194.500977,8320.824219,7729.608398,7884.90918,7884.90918,33167197581
2019-05-17,7886.925781,7929.145508,7038.124512,7343.895508,7343.895508,30066644905
2019-05-18,7341.664551,7447.271973,7251.504395,7271.208008,7271.208008,21354286562
2019-05-19,7267.962891,8261.941406,7267.962891,8197.689453,8197.689453,25902422040
2019-05-20,8196.923828,8200.967773,7678.781738,7978.309082,7978.309082,23843404340
2019-05-21,7977.969238,8062.167969,7843.339844,7963.327637,7963.327637,25127245056
2019-05-22,7956.291992,7997.612305,7615.987305,7680.066406,7680.066406,24719473175
2019-05-23,7677.269043,7943.791504,7533.196777,7881.84668,7881.84668,24457107820
2019-05-24,7881.695313,8140.719727,7824.44873,7987.371582,7987.371582,25919126991
2019-05-25,7991.885254,8117.925781,7965.976074,8052.543945,8052.543945,22256813107
2019-05-26,8055.206055,8687.520508,7924.67041,8673.21582,8673.21582,26677970091
2019-05-27,8674.072266,8907.174805,8668.705078,8805.77832,8805.77832,27949839564
2019-05-28,8802.757813,8807.016602,8634.72168,8719.961914,8719.961914,24226919267
2019-05-29,8718.591797,8755.852539,8482.728516,8659.487305,8659.487305,23473479966
2019-05-30,8661.760742,9008.314453,8221.273438,8319.472656,8319.472656,29246528551
2019-05-31,8320.286133,8586.65918,8172.550781,8574.501953,8574.501953,25365190957
2019-06-01,8573.839844,8625.600586,8481.578125,8564.016602,8564.016602,22488303544
2019-06-02,8565.473633,8809.303711,8561.235352,8742.958008,8742.958008,20266216022
2019-06-03,8741.74707,8743.5,8204.185547,8208.995117,8208.995117,22004511436
2019-06-04,8210.985352,8210.985352,7564.48877,7707.770996,7707.770996,24609731549
2019-06-05,7704.343262,7901.849121,7668.668457,7824.231445,7824.231445,21760923463
2019-06-06,7819.633301,7937.34082,7571.471191,7822.023438,7822.023438,19474611077
2019-06-07,7826.901367,8126.15332,7788.373535,8043.951172,8043.951172,19141423231
2019-06-08,8036.774902,8076.891113,7837.61084,7954.12793,7954.12793,16522722810
2019-06-09,7949.674805,7975.974121,7583.219727,7688.077148,7688.077148,16610726547
2019-06-10,7692.284668,8031.909668,7586.730957,8000.32959,8000.32959,18689275117
2019-06-11,8004.243652,8026.394043,7772.803711,7927.714355,7927.714355,17107279932
2019-06-12,7925.434082,8196.648438,7862.359863,8145.857422,8145.857422,19034432883
2019-06-13,8145.54541,8311.567383,8087.061035,8230.923828,8230.923828,18669407147
2019-06-14,8230.898438,8710.636719,8183.393066,8693.833008,8693.833008,19831162906
2019-06-15,8689.746094,8859.12793,8618.395508,8838.375,8838.375,18371033226
2019-06-16,8841.44043,9335.867188,8814.556641,8994.488281,8994.488281,23348550311
2019-06-17,8988.923828,9416.407227,8988.923828,9320.352539,9320.352539,15562951919
2019-06-18,9335.466797,9348.374023,9004.901367,9081.762695,9081.762695,15848210536
2019-06-19,9078.727539,9299.621094,9070.395508,9273.521484,9273.521484,15546809946
2019-06-20,9273.060547,9594.419922,9232.484375,9527.160156,9527.160156,17846823784
2019-06-21,9525.074219,10144.55664,9525.074219,10144.55664,10144.55664,20624008643
2019-06-22,10175.92383,11157.3457,10107.03516,10701.69141,10701.69141,29995204861
2019-06-23,10696.69141,11246.14453,10556.0957,10855.37109,10855.37109,20998326502
2019-06-24,10853.74414,11065.89648,10610.42773,11011.10254,11011.10254,19271652365
2019-06-25,11007.20215,11790.91699,11007.20215,11790.91699,11790.91699,24879684533
2019-06-26,11778.58106,13796.48926,11755.59766,13016.23145,13016.23145,45105733173
2019-06-27,13017.125,13311.14453,10491.85254,11182.80664,11182.80664,39977475223
2019-06-28,11162.16797,12445.17481,10914.49512,12407.33203,12407.33203,35087757766
2019-06-29,12400.76367,12400.91016,11508.37891,11959.37109,11959.37109,29923961128
2019-06-30,11931.99121,12178.38379,10799.00879,10817.15527,10817.15527,27256473494
2019-07-01,10796.93066,11206.43945,10089.31445,10583.13477,10583.13477,29378589324
2019-07-02,10588.68359,10912.18848,9737.884766,10801.67773,10801.67773,31015895223
2019-07-03,10818.15625,11968.07813,10818.15625,11961.26953,11961.26953,30796494294
2019-07-04,11972.71875,12006.0752,11166.56934,11215.4375,11215.4375,25920294033
2019-07-05,11203.10254,11395.66113,10874.96484,10978.45996,10978.45996,23838480210
2019-07-06,10982.54395,11620.96484,10982.54395,11208.55078,11208.55078,21092024306
2019-07-07,11217.61621,11541.62012,11148.80469,11450.84668,11450.84668,19369044277
2019-07-08,11446.59668,12345.83301,11393.37402,12285.95801,12285.95801,23482551458
2019-07-09,12284.32617,12779.13184,12233.26172,12573.8125,12573.8125,28167921523
2019-07-10,12571.53711,13129.5293,11710.97852,12156.5127,12156.5127,33627574244
2019-07-11,12139.71387,12144.62305,11158.92285,11358.66211,11358.66211,28595327690
2019-07-12,11354.29981,11905.48731,11179.14453,11815.98633,11815.98633,23534692797
2019-07-13,11813.12695,11841.95703,10908.47949,11392.37891,11392.37891,21042616384
2019-07-14,11381.02051,11451.2041,10234.57617,10256.05859,10256.05859,22486000001
2019-07-15,10257.83887,11052.7666,9992.006836,10895.08984,10895.08984,25384047207
2019-07-16,10896.65332,10996.63281,9448.106445,9477.641602,9477.641602,24151199070
2019-07-17,9471.213867,9963.134766,9163.134766,9693.802734,9693.802734,24569921549
2019-07-18,9698.50293,10736.84277,9376.798828,10666.48242,10666.48242,25187024648
2019-07-19,10653.95606,10716.98047,10229.62891,10530.73242,10530.73242,20727426310
2019-07-20,10525.81934,11048.66211,10451.27637,10767.13965,10767.13965,20206615155
2019-07-21,10777.5293,10841.8877,10389.59961,10599.10547,10599.10547,17130580467
2019-07-22,10596.94824,10651.79102,10154.92188,10343.10645,10343.10645,16334414913
2019-07-23,10346.74805,10346.74805,9883.594727,9900.767578,9900.767578,17851916995
2019-07-24,9887.730469,9908.796875,9614.306641,9811.925781,9811.925781,17398734322
2019-07-25,9809.09668,10154.25391,9773.957031,9911.841797,9911.841797,15821952090
2019-07-26,9913.126953,9916.517578,9717.982422,9870.303711,9870.303711,14495714483
2019-07-27,9871.165039,10167.32031,9411.521484,9477.677734,9477.677734,16817809536
2019-07-28,9491.626953,9575.544922,9252.296875,9552.860352,9552.860352,13738687093
2019-07-29,9548.178711,9681.648438,9472.948242,9519.145508,9519.145508,13791445323
2019-07-30,9522.329102,9701.759766,9437.335938,9607.423828,9607.423828,13829811132
2019-07-31,9604.050781,10085.62793,9598.097656,10085.62793,10085.62793,16631520648
2019-08-01,10077.44238,10446.91992,9922.019531,10399.66895,10399.66895,17165337858
2019-08-02,10402.04297,10657.95313,10371.01367,10518.17481,10518.17481,17489094082
2019-08-03,10519.27832,10946.78125,10503.50488,10821.72656,10821.72656,15352685061
2019-08-04,10821.63281,11009.20703,10620.27832,10970.18457,10970.18457,16530894787
2019-08-05,10960.73535,11895.0918,10960.73535,11805.65332,11805.65332,23875988832
2019-08-06,11811.54492,12273.82129,11290.73145,11478.16895,11478.16895,23635107660
2019-08-07,11476.19336,12036.99023,11433.70117,11941.96875,11941.96875,22194988641
2019-08-08,11954.04004,11979.41992,11556.16797,11966.40723,11966.40723,19481591730
2019-08-09,11953.46973,11970.45801,11709.74512,11862.93652,11862.93652,18339989960
2019-08-10,11861.55664,11915.65527,11323.89844,11354.02441,11354.02441,18125355447
2019-08-11,11349.74023,11523.5791,11248.29492,11523.5791,11523.5791,15774371518
2019-08-12,11528.18945,11528.18945,11320.95117,11382.61621,11382.61621,13647198229
2019-08-13,11385.05273,11420.04981,10830.32715,10895.83008,10895.83008,16681503537
2019-08-14,10889.48731,10889.55664,10028.13574,10051.7041,10051.7041,19990838300
2019-08-15,10038.42188,10437.41113,9675.316406,10311.5459,10311.5459,22899115082
2019-08-16,10319.41992,10524.34961,9855.478516,10374.33887,10374.33887,20228207096
2019-08-17,10358.72266,10452.625,10086.69824,10231.74414,10231.74414,13778035685
2019-08-18,10233.00586,10487.07031,10119.09473,10345.81055,10345.81055,12999813869
2019-08-19,10350.2832,10916.05371,10313.2041,10916.05371,10916.05371,16038264603
2019-08-20,10916.34668,10947.04199,10618.96094,10763.23242,10763.23242,15053082175
2019-08-21,10764.57227,10798.72949,9962.72168,10138.04981,10138.04981,19473084768
2019-08-22,10142.52148,10232.99609,9831.462891,10131.05566,10131.05566,17097508856
2019-08-23,10136.30957,10442.44336,10078.19238,10407.96484,10407.96484,15627023886
2019-08-24,10407.64453,10418.02051,9982.296875,10159.96094,10159.96094,15451030650
2019-08-25,10160.73731,10304.62207,10008.78906,10138.51758,10138.51758,14153856610
2019-08-26,10126.29981,10512.32813,10126.29981,10370.82031,10370.82031,18438654080
2019-08-27,10372.82617,10381.32813,10087.30078,10185.5,10185.5,14762609503
2019-08-28,10203.42676,10279.36621,9716.65625,9754.422852,9754.422852,17603790323
2019-08-29,9756.786133,9756.786133,9421.629883,9510.200195,9510.200195,17045878501
2019-08-30,9514.844727,9656.124023,9428.302734,9598.173828,9598.173828,13595263986
2019-08-31,9597.539063,9673.220703,9531.799805,9630.664063,9630.664063,11454806419
2019-09-01,9630.592773,9796.755859,9582.944336,9757.970703,9757.970703,11445355859
2019-09-02,9757.473633,10396.5918,9730.650391,10346.76074,10346.76074,17248102294
2019-09-03,10345.72559,10736.10449,10308.54785,10623.54004,10623.54004,19384917989
2019-09-04,10621.18066,10762.64453,10434.70996,10594.49316,10594.49316,16742664769
2019-09-05,10588.18359,10627.26953,10516.41797,10575.5332,10575.5332,14551239508
2019-09-06,10578.19824,10898.76172,10292.29981,10353.30273,10353.30273,19536574783
2019-09-07,10353.93164,10558.67383,10348.91895,10517.25488,10517.25488,15307366476
2019-09-08,10518.11426,10595.6377,10409.09082,10441.27637,10441.27637,13670567493
2019-09-09,10443.22852,10450.31152,10144.92969,10334.97461,10334.97461,17595943368
2019-09-10,10336.4082,10394.35352,10020.57324,10115.97559,10115.97559,14906809639
2019-09-11,10123.03516,10215.94824,9980.776367,10178.37207,10178.37207,15428063426
2019-09-12,10176.81934,10442.25391,10099.24219,10410.12695,10410.12695,15323563925
2019-09-13,10415.36231,10441.48926,10226.59668,10360.54688,10360.54688,14109864675
2019-09-14,10345.40332,10422.13379,10291.69434,10358.04883,10358.04883,13468713124
2019-09-15,10356.46582,10387.03516,10313.09277,10347.71289,10347.71289,12043433567
2019-09-16,10347.22266,10386.86719,10189.74414,10276.79395,10276.79395,15160167779
2019-09-17,10281.51367,10296.77148,10199.73926,10241.27246,10241.27246,15304603363
2019-09-18,10247.7959,10275.92871,10191.46973,10198.24805,10198.24805,16169268880
2019-09-19,10200.49609,10295.66895,9851.692383,10266.41504,10266.41504,19937691247
2019-09-20,10266.31836,10285.87207,10132.18652,10181.6416,10181.6416,14734189639
2019-09-21,10183.64844,10188.09766,10000.70801,10019.7168,10019.7168,13425266806
2019-09-22,10024.11523,10074.44434,9922.533203,10070.39258,10070.39258,13199651698
2019-09-23,10067.96289,10074.23828,9727.143555,9729.324219,9729.324219,15144925408
2019-09-24,9729.321289,9804.317383,8370.801758,8620.566406,8620.566406,25002886689
2019-09-25,8603.428711,8744.828125,8325.396484,8486.993164,8486.993164,21744728353
2019-09-26,8487.669922,8515.685547,7895.629395,8118.967773,8118.967773,19258205289
2019-09-27,8113.101074,8271.520508,7965.922852,8251.845703,8251.845703,16408941156
2019-09-28,8251.273438,8285.617188,8125.431641,8245.915039,8245.915039,14141152736
2019-09-29,8246.037109,8261.707031,7990.49707,8104.185547,8104.185547,13034629109
2019-09-30,8104.226563,8314.231445,7830.758789,8293.868164,8293.868164,17115474183
2019-10-01,8299.720703,8497.692383,8232.679688,8343.276367,8343.276367,15305343413
2019-10-02,8344.212891,8393.041992,8227.695313,8393.041992,8393.041992,13125712443
2019-10-03,8390.774414,8414.227539,8146.437012,8259.992188,8259.992188,13668823409
2019-10-04,8259.494141,8260.055664,8151.236816,8205.939453,8205.939453,13139456229
2019-10-05,8210.149414,8215.526367,8071.120605,8151.500488,8151.500488,12200497197
2019-10-06,8149.876953,8161.410156,7958.850586,7988.155762,7988.155762,13160830305
2019-10-07,7989.120605,8308.450195,7905.766113,8245.623047,8245.623047,18009742607
2019-10-08,8246.849609,8332.714844,8185.763184,8228.783203,8228.783203,15592264032
2019-10-09,8229.84082,8627.706055,8169.298828,8595.740234,8595.740234,19384942333
2019-10-10,8585.280273,8625.272461,8471.933594,8586.473633,8586.473633,17618660671
2019-10-11,8585.262695,8721.780273,8316.181641,8321.756836,8321.756836,19604381101
2019-10-12,8315.665039,8415.242188,8313.34082,8336.555664,8336.555664,14532641605
2019-10-13,8336.902344,8470.988281,8276.612305,8321.005859,8321.005859,13808286059
2019-10-14,8320.832031,8390.208984,8284.130859,8374.686523,8374.686523,15151387859
2019-10-15,8373.458008,8410.714844,8182.706543,8205.369141,8205.369141,15220412632
2019-10-16,8204.674805,8216.8125,7985.089844,8047.526855,8047.526855,16071646996
2019-10-17,8047.8125,8134.831543,8000.942871,8103.911133,8103.911133,14313052244
2019-10-18,8100.933594,8138.413574,7902.164063,7973.20752,7973.20752,15651592610
2019-10-19,7973.803711,8082.629395,7944.776855,7988.560547,7988.560547,13797825640
2019-10-20,7997.807129,8281.818359,7949.439453,8222.078125,8222.078125,15504249442
2019-10-21,8225.115234,8296.694336,8196.416016,8243.720703,8243.720703,15868748866
2019-10-22,8243.402344,8296.651367,8074.462891,8078.203125,8078.203125,16803377857
2019-10-23,8076.228516,8092.999512,7469.322754,7514.671875,7514.671875,21942878958
2019-10-24,7509.728027,7532.867676,7446.98877,7493.48877,7493.48877,16268708849
2019-10-25,7490.703125,8691.540039,7479.984375,8660.700195,8660.700195,28705065488
2019-10-26,8667.577148,10021.74414,8662.62207,9244.972656,9244.972656,44496255609
2019-10-27,9241.707031,9749.529297,9112.541992,9551.714844,9551.714844,32593129501
2019-10-28,9565.101563,9805.118164,9256.148438,9256.148438,9256.148438,30948255332
2019-10-29,9248.44043,9516.180664,9232.648438,9427.6875,9427.6875,28426779937
2019-10-30,9422.462891,9426.874023,9085.370117,9205.726563,9205.726563,27706531577
2019-10-31,9202.458008,9383.161133,9028.717773,9199.584961,9199.584961,26583653947
2019-11-01,9193.992188,9275.657227,9132.047852,9261.104492,9261.104492,24324691031
2019-11-02,9259.783203,9377.486328,9249.587891,9324.717773,9324.717773,21242676385
2019-11-03,9324.787109,9379.806641,9141.251953,9235.354492,9235.354492,21132220847
2019-11-04,9235.607422,9505.051758,9191.485352,9412.612305,9412.612305,26170255634
2019-11-05,9413.004883,9457.417969,9256.931641,9342.527344,9342.527344,26198609048
2019-11-06,9340.864258,9423.237305,9305.90918,9360.879883,9360.879883,23133895765
2019-11-07,9352.393555,9368.476563,9202.353516,9267.561523,9267.561523,22700383839
2019-11-08,9265.368164,9272.759766,8775.53418,8804.880859,8804.880859,24333037836
2019-11-09,8809.46875,8891.818359,8793.163086,8813.582031,8813.582031,17578630606
2019-11-10,8812.489258,9103.826172,8806.162109,9055.526367,9055.526367,20587919881
2019-11-11,9056.917969,9081.279297,8700.608398,8757.788086,8757.788086,20265510765
2019-11-12,8759.751953,8853.768555,8685.427734,8815.662109,8815.662109,20309769107
2019-11-13,8812.033203,8836.841797,8761.651367,8808.262695,8808.262695,17545755405
2019-11-14,8811.936523,8826.943359,8692.551758,8708.094727,8708.094727,19084739975
2019-11-15,8705.708008,8730.873047,8484.84375,8491.992188,8491.992188,21796856471
2019-11-16,8491.166016,8591.99707,8473.973633,8550.760742,8550.760742,16495389808
2019-11-17,8549.470703,8727.789063,8500.967773,8577.975586,8577.975586,18668638897
2019-11-18,8573.980469,8653.280273,8273.573242,8309.286133,8309.286133,21579470673
2019-11-19,8305.134766,8408.516602,8099.963379,8206.145508,8206.145508,21083613816
2019-11-20,8203.613281,8237.240234,8010.511719,8027.268066,8027.268066,20764300437
2019-11-21,8023.644531,8110.098145,7597.381836,7642.75,7642.75,22514243371
2019-11-22,7643.569336,7697.382813,6936.706543,7296.577637,7296.577637,34242315785
2019-11-23,7296.164551,7442.258789,7151.417969,7397.796875,7397.796875,21008924418
2019-11-24,7398.633789,7408.577148,7029.289063,7047.916992,7047.916992,30433517289
2019-11-25,7039.977051,7319.856934,6617.166992,7146.133789,7146.133789,42685231262
2019-11-26,7145.15918,7320.230469,7098.572266,7218.371094,7218.371094,21129505542
2019-11-27,7220.880859,7619.693359,6974.174316,7531.663574,7531.663574,23991412764
2019-11-28,7536.820313,7730.072754,7454.121582,7463.105957,7463.105957,19050116751
2019-11-29,7466.727051,7781.179688,7460.756348,7761.243652,7761.243652,19709695456
2019-11-30,7764.057129,7836.102051,7515.849609,7569.629883,7569.629883,17158194786
2019-12-01,7571.616211,7571.616211,7291.341797,7424.29248,7424.29248,18720708479
2019-12-02,7424.036133,7474.818848,7233.399414,7321.988281,7321.988281,17082040706
2019-12-03,7323.975586,7418.858887,7229.356934,7320.145508,7320.145508,14797485769
2019-12-04,7320.125,7539.784668,7170.922852,7252.034668,7252.034668,21664240918
2019-12-05,7253.241699,7743.431641,7232.676758,7448.307617,7448.307617,18816085231
2019-12-06,7450.561523,7546.996582,7392.175293,7546.996582,7546.996582,18104466307
2019-12-07,7547.265625,7589.95166,7525.711426,7556.237793,7556.237793,15453520564
2019-12-08,7551.338867,7634.606445,7476.091309,7564.345215,7564.345215,15409908086
2019-12-09,7561.79541,7618.091797,7365.985352,7400.899414,7400.899414,17872021272
2019-12-10,7397.134277,7424.022949,7246.043945,7278.119629,7278.119629,18249031195
2019-12-11,7277.197754,7324.15625,7195.527344,7217.427246,7217.427246,16350490689
2019-12-12,7216.73877,7266.639648,7164.741211,7243.134277,7243.134277,18927080224
2019-12-13,7244.662109,7293.560547,7227.122559,7269.68457,7269.68457,17125736940
2019-12-14,7268.902832,7308.836426,7097.208984,7124.673828,7124.673828,17137029730
2019-12-15,7124.239746,7181.075684,6924.375977,7152.301758,7152.301758,16881129804
2019-12-16,7153.663086,7171.168945,6903.682617,6932.480469,6932.480469,20213265950
2019-12-17,6931.31543,6964.075195,6587.974121,6640.515137,6640.515137,22363804217
2019-12-18,6647.698242,7324.984863,6540.049316,7276.802734,7276.802734,31836522778
2019-12-19,7277.59082,7346.602539,7041.381836,7202.844238,7202.844238,25904604416
2019-12-20,7208.636719,7257.921875,7086.124023,7218.816406,7218.816406,22633815180
2019-12-21,7220.59375,7223.226074,7112.73584,7191.158691,7191.158691,19312552168
2019-12-22,7191.188477,7518.033203,7167.179199,7511.588867,7511.588867,23134537956
2019-12-23,7508.902344,7656.17627,7326.192383,7355.628418,7355.628418,27831788041
2019-12-24,7354.393066,7535.716797,7269.528809,7322.532227,7322.532227,22991622105
2019-12-25,7325.755859,7357.02002,7220.991211,7275.155762,7275.155762,21559505149
2019-12-26,7274.799316,7388.302734,7200.386719,7238.966797,7238.966797,22787010034
2019-12-27,7238.141113,7363.529297,7189.934082,7290.088379,7290.088379,22777360996
2019-12-28,7289.03125,7399.041016,7286.905273,7317.990234,7317.990234,21365673026
2019-12-29,7317.647461,7513.948242,7279.865234,7422.652832,7422.652832,22445257702
2019-12-30,7420.272949,7454.824219,7276.308105,7292.995117,7292.995117,22874131672
2019-12-31,7294.438965,7335.290039,7169.777832,7193.599121,7193.599121,21167946112
2020-01-01,7194.89209,7254.330566,7174.944336,7200.174316,7200.174316,18565664997
2020-01-02,7202.55127,7212.155273,6935.27002,6985.470215,6985.470215,20802083465
2020-01-03,6984.428711,7413.715332,6914.996094,7344.884277,7344.884277,28111481032
2020-01-04,7345.375488,7427.385742,7309.51416,7410.656738,7410.656738,18444271275
2020-01-05,7410.45166,7544.49707,7400.535645,7411.317383,7411.317383,19725074095
2020-01-06,7410.452148,7781.867188,7409.292969,7769.219238,7769.219238,23276261598
2020-01-07,7768.682129,8178.21582,7768.227539,8163.692383,8163.692383,28767291327
2020-01-08,8161.935547,8396.738281,7956.774414,8079.862793,8079.862793,31672559265
2020-01-09,8082.295898,8082.295898,7842.403809,7879.071289,7879.071289,24045990466
2020-01-10,7878.307617,8166.554199,7726.774902,8166.554199,8166.554199,28714583844
2020-01-11,8162.190918,8218.359375,8029.64209,8037.537598,8037.537598,25521165085
2020-01-12,8033.261719,8200.063477,8009.059082,8192.494141,8192.494141,22903438381
2020-01-13,8189.771973,8197.788086,8079.700684,8144.194336,8144.194336,22482910688
2020-01-14,8140.933105,8879.511719,8140.933105,8827.764648,8827.764648,44841784107
2020-01-15,8825.34375,8890.117188,8657.1875,8807.010742,8807.010742,40102834650
2020-01-16,8812.481445,8846.460938,8612.095703,8723.786133,8723.786133,31313981931
2020-01-17,8725.209961,8958.12207,8677.316406,8929.038086,8929.038086,36372139320
2020-01-18,8927.211914,9012.198242,8827.332031,8942.808594,8942.808594,32337772627
2020-01-19,8941.445313,9164.362305,8620.080078,8706.245117,8706.245117,34217320471
2020-01-20,8704.631836,8745.59082,8560.473633,8657.642578,8657.642578,26422375678
2020-01-21,8658.991211,8755.706055,8544.520508,8745.894531,8745.894531,24097418512
2020-01-22,8744.210938,8792.994141,8636.74707,8680.875977,8680.875977,22600204051
2020-01-23,8680.650391,8687.74707,8333.637695,8406.515625,8406.515625,25770680779
2020-01-24,8405.567383,8514.666992,8266.84082,8445.43457,8445.43457,24397913026
2020-01-25,8440.119141,8458.453125,8296.21875,8367.847656,8367.847656,19647331549
2020-01-26,8364.410156,8602.401367,8325.498047,8596.830078,8596.830078,22177678796
2020-01-27,8597.308594,8977.726563,8597.308594,8909.819336,8909.819336,28647338393
2020-01-28,8912.524414,9358.589844,8908.447266,9358.589844,9358.589844,34398744403
2020-01-29,9357.470703,9406.431641,9269.467773,9316.629883,9316.629883,30682598115
2020-01-30,9316.016602,9553.125977,9230.897461,9508.993164,9508.993164,32378792851
2020-01-31,9508.313477,9521.706055,9230.776367,9350.529297,9350.529297,29432489719
2020-02-01,9346.357422,9439.323242,9313.239258,9392.875,9392.875,25922656496
2020-02-02,9389.820313,9468.797852,9217.824219,9344.365234,9344.365234,30835736946
2020-02-03,9344.683594,9540.37207,9248.633789,9293.521484,9293.521484,30934096509
2020-02-04,9292.841797,9331.265625,9112.811523,9180.962891,9180.962891,29893183716
2020-02-05,9183.416016,9701.299805,9163.704102,9613.423828,9613.423828,35222060874
2020-02-06,9617.821289,9824.619141,9539.818359,9729.801758,9729.801758,37628823716
2020-02-07,9726.00293,9834.716797,9726.00293,9795.943359,9795.943359,34522718159
2020-02-08,9793.070313,9876.749023,9678.910156,9865.119141,9865.119141,35172043762
2020-02-09,9863.894531,10129.43555,9850.392578,10116.67383,10116.67383,35807884663
2020-02-10,10115.55957,10165.76563,9784.563477,9856.611328,9856.611328,39386548075
2020-02-11,9855.891602,10210.05273,9729.334961,10208.23633,10208.23633,37648059389
2020-02-12,10202.3877,10393.61133,10202.3877,10326.05469,10326.05469,43444303830
2020-02-13,10323.96094,10457.62695,10116.16113,10214.37988,10214.37988,49356071373
2020-02-14,10211.55078,10321.99609,10125.53418,10312.11621,10312.11621,43338264162
2020-02-15,10313.85645,10341.55566,9874.427734,9889.424805,9889.424805,43865054831
2020-02-16,9889.179688,10053.96875,9722.386719,9934.433594,9934.433594,43374780305
2020-02-17,9936.560547,9938.81543,9507.637695,9690.142578,9690.142578,45998298413
2020-02-18,9691.230469,10161.93555,9632.382813,10141.99609,10141.99609,47271023953
2020-02-19,10143.79883,10191.67578,9611.223633,9633.386719,9633.386719,46992019710
2020-02-20,9629.325195,9643.216797,9507.900391,9608.475586,9608.475586,44925260237
2020-02-21,9611.782227,9723.014648,9589.743164,9686.441406,9686.441406,40930547513
2020-02-22,9687.707031,9698.231445,9600.728516,9663.181641,9663.181641,35838025154
2020-02-23,9663.318359,9937.404297,9657.791016,9924.515625,9924.515625,41185185761
2020-02-24,9921.583008,9951.746094,9537.042969,9650.174805,9650.174805,45080496648
2020-02-25,9651.3125,9652.737305,9305.021484,9341.705078,9341.705078,42515259129
2020-02-26,9338.290039,9354.77832,8704.426758,8820.522461,8820.522461,50420050762
2020-02-27,8825.09375,8932.892578,8577.199219,8784.494141,8784.494141,45470195695
2020-02-28,8788.728516,8890.456055,8492.932617,8672.455078,8672.455078,44605450443
2020-02-29,8671.212891,8775.631836,8599.508789,8599.508789,8599.508789,35792392544
2020-03-01,8599.758789,8726.796875,8471.212891,8562.454102,8562.454102,35349164300
2020-03-02,8563.264648,8921.308594,8532.630859,8869.669922,8869.669922,42857674409
2020-03-03,8865.387695,8901.598633,8704.990234,8787.786133,8787.786133,42386715821
2020-03-04,8788.541992,8843.366211,8712.431641,8755.246094,8755.246094,34746706368
2020-03-05,8760.285156,9142.054688,8757.253906,9078.762695,9078.762695,39698054597
2020-03-06,9078.308594,9167.695313,9032.079102,9122.545898,9122.545898,40826885651
2020-03-07,9121.600586,9163.220703,8890.744141,8909.954102,8909.954102,36216930370
2020-03-08,8908.206055,8914.34375,8105.25293,8108.116211,8108.116211,39973102121
2020-03-09,8111.146484,8177.793457,7690.098145,7923.644531,7923.644531,46936995808
2020-03-10,7922.146973,8136.945313,7814.763184,7909.729492,7909.729492,42213940994
2020-03-11,7910.089844,7950.814453,7642.8125,7911.430176,7911.430176,38682762605
2020-03-12,7913.616211,7929.116211,4860.354004,4970.788086,4970.788086,53980357243
2020-03-13,5017.831055,5838.114746,4106.980957,5563.707031,5563.707031,74156772075
2020-03-14,5573.077637,5625.226563,5125.069336,5200.366211,5200.366211,36154506008
2020-03-15,5201.066895,5836.64502,5169.283203,5392.314941,5392.314941,33997889639
2020-03-16,5385.229492,5385.229492,4575.35791,5014.47998,5014.47998,45368026430
2020-03-17,5002.578125,5371.348633,4981.90918,5225.629395,5225.629395,38622642935
2020-03-18,5227.11377,5331.833984,5069.335938,5238.438477,5238.438477,37878801016
2020-03-19,5245.416504,6329.73584,5236.96875,6191.192871,6191.192871,51000731797
2020-03-20,6191.653809,6844.261719,5865.781738,6198.77832,6198.77832,54442976103
2020-03-21,6206.521484,6378.135254,5932.823242,6185.066406,6185.066406,42494390880
2020-03-22,6185.558105,6359.697266,5823.713867,5830.254883,5830.254883,40099664740
2020-03-23,5831.374512,6443.93457,5785.004395,6416.314941,6416.314941,46491916000
2020-03-24,6436.642578,6789.022949,6411.066406,6734.803711,6734.803711,48221910672
2020-03-25,6738.716797,6892.51123,6536.92627,6681.062988,6681.062988,44590107888
2020-03-26,6675.170898,6735.463867,6590.962891,6716.44043,6716.44043,35319797642
2020-03-27,6719.38916,6793.836426,6466.70166,6469.79834,6469.79834,34585598367
2020-03-28,6467.253906,6467.500977,6117.837891,6242.193848,6242.193848,34885225901
2020-03-29,6245.624512,6250.467285,5920.085938,5922.042969,5922.042969,28373690931
2020-03-30,5925.538574,6517.195801,5903.234375,6429.841797,6429.841797,37101651525
2020-03-31,6430.606445,6504.515137,6374.162109,6438.644531,6438.644531,32786468812
2020-04-01,6437.319336,6612.57373,6202.373535,6606.776367,6606.776367,40346426266
2020-04-02,6606.776367,7088.247559,6595.918457,6793.624512,6793.624512,47660646124
2020-04-03,6797.396484,7003.220703,6673.335938,6733.387207,6733.387207,38976504903
2020-04-04,6738.382813,6878.953613,6696.484863,6867.527344,6867.527344,33185988584
2020-04-05,6862.537598,6883.414063,6715.929199,6791.129395,6791.129395,29510409856
2020-04-06,6788.049805,7271.78125,6782.889648,7271.78125,7271.78125,46896904615
2020-04-07,7273.644043,7427.939453,7136.714355,7176.414551,7176.414551,44243482668
2020-04-08,7179.283203,7356.223633,7153.305664,7334.098633,7334.098633,37563249549
2020-04-09,7337.966309,7341.448242,7179.094238,7302.089355,7302.089355,34815139178
2020-04-10,7303.81543,7303.81543,6802.475098,6865.493164,6865.493164,43622840992
2020-04-11,6867.44043,6926.069824,6789.920898,6859.083008,6859.083008,31222085946
2020-04-12,6858.067871,7119.947266,6811.078125,6971.091797,6971.091797,35759567632
2020-04-13,6965.616699,6965.616699,6668.259766,6845.037598,6845.037598,38619308647
2020-04-14,6843.281738,6958.557129,6793.821289,6842.427734,6842.427734,34110434052
2020-04-15,6845.561523,6928.664551,6633.402832,6642.109863,6642.109863,32288311031
2020-04-16,6640.454102,7134.450684,6555.504395,7116.804199,7116.804199,46783242377
2020-04-17,null,null,null,null,null,null
2020-04-18,7092.291504,7269.956543,7089.24707,7257.665039,7257.665039,32447188386
2020-04-19,7260.922363,7280.521973,7167.054688,7189.424805,7189.424805,31311210215
2020-04-20,7186.873535,7240.290527,6835.50293,6881.958496,6881.958496,37747113936
2020-04-21,6879.78418,6934.551758,6834.442383,6880.323242,6880.323242,32589741511
2020-04-22,6879.44043,7145.865723,6867.781738,7117.20752,7117.20752,33249153866
2020-04-23,7121.306152,7491.785156,7081.594727,7429.724609,7429.724609,43500782316
2020-04-24,7434.181641,7574.195801,7434.181641,7550.900879,7550.900879,34636526286
2020-04-25,7550.48291,7641.36377,7521.672363,7569.936035,7569.936035,32941541447
2020-04-26,7570.13916,7700.594238,7561.407715,7679.867188,7679.867188,33070154491
2020-04-27,7679.418945,7795.601074,7679.418945,7795.601074,7795.601074,36162144725
2020-04-28,7796.970215,7814.527344,7730.806641,7807.058594,7807.058594,33187959921
2020-04-29,7806.712402,8871.753906,7786.049316,8801.038086,8801.038086,60201052203
2020-04-30,8797.669922,9440.650391,8533.255859,8658.553711,8658.553711,66964629541
2020-05-01,8672.782227,9048.023438,8667.763672,8864.766602,8864.766602,44068389997
2020-05-02,8869.057617,9007.1875,8811.366211,8988.59668,8988.59668,40134388683
2020-05-03,8983.614258,9167.78125,8830.97168,8897.46875,8897.46875,47101785174
2020-05-04,8895.745117,8956.90625,8645.024414,8912.654297,8912.654297,45718796276
2020-05-05,8912.832031,9062.415039,8856.827148,9003.070313,9003.070313,43148462663
2020-05-06,9007.441406,9411.467773,8966.706055,9268.761719,9268.761719,49371886931
2020-05-07,9261.895508,9992.664063,9138.322266,9951.518555,9951.518555,61112700562
2020-05-08,9936.162109,9996.743164,9767.172852,9842.666016,9842.666016,51780748042
2020-05-09,9840.90625,9913.863281,9580.644531,9593.896484,9593.896484,46566121841
2020-05-10,9591.168945,9595.581055,8395.107422,8756.430664,8756.430664,63325279337
2020-05-11,8755.535156,9033.470703,8374.323242,8601.795898,8601.795898,57119858802
2020-05-12,8610.385742,8949.898438,8569.643555,8804.477539,8804.477539,42142717533
2020-05-13,8805.387695,9317.878906,8805.387695,9269.987305,9269.987305,45558144023
2020-05-14,9271.329102,9793.268555,9255.035156,9733.72168,9733.72168,56426907637
2020-05-15,9734.291016,9755.828125,9261.398438,9328.197266,9328.197266,48158802327
2020-05-16,9333.240234,9564.205078,9260.694336,9377.013672,9377.013672,36164766408
2020-05-17,9374.929688,9823.001953,9349.545898,9670.739258,9670.739258,40084250663
2020-05-18,9675.695313,9906.030273,9570.359375,9726.575195,9726.575195,41827139896
2020-05-19,9727.063477,9836.047852,9539.624023,9729.038086,9729.038086,39254288955
2020-05-20,9725.329102,9804.793945,9447.201172,9522.981445,9522.981445,36546239703
2020-05-21,9522.740234,9555.242188,8869.930664,9081.761719,9081.761719,39326160532
2020-05-22,9080.334961,9232.936523,9008.638672,9182.577148,9182.577148,29810773699
2020-05-23,9185.0625,9302.501953,9118.108398,9209.287109,9209.287109,27727866812
2020-05-24,9212.283203,9288.404297,8787.250977,8790.368164,8790.368164,32518803300
2020-05-25,8786.107422,8951.005859,8719.667969,8906.93457,8906.93457,31288157264
2020-05-26,8909.585938,8991.967773,8757.293945,8835.052734,8835.052734,29584186947
2020-05-27,8837.380859,9203.320313,8834.157227,9181.017578,9181.017578,32740536902
2020-05-28,9184.945313,9546.319336,9148.457031,9525.750977,9525.750977,34367073114
2020-05-29,9528.355469,9573.666992,9379.338867,9439.124023,9439.124023,32896642044
2020-05-30,9438.914063,9704.030273,9366.729492,9700.414063,9700.414063,32722975141
2020-05-31,9700.105469,9700.34375,9432.296875,9461.058594,9461.058594,27773290299
2020-06-01,9463.605469,10199.56543,9450.899414,10167.26856,10167.26856,35198901068
2020-06-02,10162.97363,10182.34082,9460.571289,9529.803711,9529.803711,39137252109
2020-06-03,9533.760742,9682.859375,9471.84668,9656.717773,9656.717773,25007459262
2020-06-04,9655.854492,9887.610352,9525.24707,9800.636719,9800.636719,25921805072
2020-06-05,9800.21582,9869.237305,9663.216797,9665.533203,9665.533203,23509628646
2020-06-06,9664.904297,9773.431641,9591.024414,9653.679688,9653.679688,20438419222
2020-06-07,9653.00293,9768.498047,9458.150391,9758.852539,9758.852539,25015250846
2020-06-08,9760.063477,9782.306641,9675.885742,9771.489258,9771.489258,21486346312
2020-06-09,9774.360352,9836.369141,9664.719727,9795.700195,9795.700195,23717842783
2020-06-10,9794.119141,9908.896484,9728.291016,9870.094727,9870.094727,25706567601
2020-06-11,9870.078125,9938.297852,9263.069336,9321.78125,9321.78125,30247143440
2020-06-12,9320.69043,9540.46582,9285.851563,9480.84375,9480.84375,22610564515
2020-06-13,9480.735352,9493.211914,9396.009766,9475.277344,9475.277344,17564322315
2020-06-14,9477.553711,9482.270508,9347.59375,9386.788086,9386.788086,18991732746
2020-06-15,9386.035156,9504.860352,8990.175781,9450.702148,9450.702148,26699704768
2020-06-16,9454.266602,9579.430664,9400.445313,9538.024414,9538.024414,21565537209
2020-06-17,9533.78418,9540.422852,9327.339844,9480.254883,9480.254883,20177709879
2020-06-18,9481.567383,9482.782227,9328.395508,9411.84082,9411.84082,17770083003
2020-06-19,9410.293945,9440.875977,9274.295898,9288.018555,9288.018555,19632223107
2020-06-20,9290.959961,9394.97168,9247.379883,9332.34082,9332.34082,17130541557
2020-06-21,9330.926758,9401.107422,9300.430664,9303.629883,9303.629883,15324301169
2020-06-22,9300.915039,9655.073242,9296.87207,9648.717773,9648.717773,21104009514
2020-06-23,9644.076172,9670.541016,9547.24707,9629.658203,9629.658203,17006433272
2020-06-24,9632.149414,9680.367188,9278.233398,9313.610352,9313.610352,18961716076
2020-06-25,9314.126953,9340.161133,9095.324219,9264.813477,9264.813477,18616048626
2020-06-26,9260.995117,9310.516602,9101.738281,9162.917969,9162.917969,18341465837
2020-06-27,9167.824219,9207.810547,8998.216797,9045.390625,9045.390625,17273093144
2020-06-28,9048.460938,9197.546875,8975.525391,9143.582031,9143.582031,14560870760
2020-06-29,9140.029297,9237.573242,9041.875977,9190.854492,9190.854492,16460547078
2020-06-30,9185.581055,9217.835938,9084.837891,9137.993164,9137.993164,15735797744
2020-07-01,9145.985352,9309.754883,9104.735352,9228.325195,9228.325195,15971550355
2020-07-02,9231.139648,9274.962891,9036.623047,9123.410156,9123.410156,16338916796
2020-07-03,9124.842773,9202.344727,9058.794922,9087.303711,9087.303711,13078970999
2020-07-04,9084.233398,9183.295898,9053.629883,9132.488281,9132.488281,12290528515
2020-07-05,9126.09082,9162.183594,8977.015625,9073.942383,9073.942383,12903406143
2020-07-06,9072.849609,9375.474609,9058.664063,9375.474609,9375.474609,17889263252
2020-07-07,9349.161133,9360.617188,9201.81543,9252.277344,9252.277344,13839652595
2020-07-08,9253.020508,9450.335938,9249.5,9428.333008,9428.333008,19702359883
2020-07-09,9427.994141,9431.378906,9234.999023,9277.967773,9277.967773,18000702524
2020-07-10,9273.357422,9287.47168,9118.001953,9278.807617,9278.807617,16860035605
2020-07-11,9277.511719,9293.532227,9199.485352,9240.34668,9240.34668,13249910444
2020-07-12,9241.054688,9319.418945,9197.450195,9276.5,9276.5,14452361907
2020-07-13,9277.205078,9306.405273,9224.292969,9243.614258,9243.614258,17519821266
2020-07-14,9238.703125,9283.841797,9171.661133,9243.213867,9243.213867,18085038362
2020-07-15,9241.897461,9275.325195,9171.933594,9192.836914,9192.836914,15844731575
2020-07-16,9191.980469,9214.3125,9088.947266,9132.227539,9132.227539,15713967523
2020-07-17,9131.8125,9182.253906,9089.202148,9151.392578,9151.392578,13944570749
2020-07-18,9151.183594,9230.983398,9100.824219,9159.040039,9159.040039,12252601475
2020-07-19,9158.005859,9201.398438,9097.632813,9185.817383,9185.817383,12939002784
2020-07-20,9187.220703,9214.270508,9137.509766,9164.231445,9164.231445,13755604146
2020-07-21,9162.514648,9407.262695,9149.389648,9374.887695,9374.887695,18069581956
2020-07-22,9375.080078,9530.518555,9319.65332,9525.363281,9525.363281,16532254884
2020-07-23,9527.141602,9610.24707,9483.003906,9581.072266,9581.072266,18146399002
2020-07-24,9585.514648,9623.336914,9481.454102,9536.892578,9536.892578,16552768325
2020-07-25,9539.485352,9704.556641,9530.211914,9677.113281,9677.113281,16610070933
2020-07-26,9680.234375,10023.80762,9652.847656,9905.166992,9905.166992,20507998997
2020-07-27,9905.217773,11298.22168,9903.969727,10990.87305,10990.87305,35359749590
2020-07-28,11017.46387,11204.32715,10632.63184,10912.82324,10912.82324,28766551142
2020-07-29,10912.95313,11304.39746,10856.1416,11100.46777,11100.46777,24617249715
2020-07-30,11099.83301,11169.35645,10895.45508,11111.21387,11111.21387,22857247901
2020-07-31,11110.21094,11415.86426,10987.05371,11323.4668,11323.4668,23160469766
2020-08-01,11322.57031,11794.77539,11239.68262,11759.59277,11759.59277,26075670303
2020-08-02,11758.76465,12034.14453,11018.12988,11053.61426,11053.61426,27410067336
2020-08-03,11043.76856,11453.0791,11012.41504,11246.34863,11246.34863,20271713443
2020-08-04,11246.20313,11385.38184,11094.14551,11205.89258,11205.89258,21250197042
2020-08-05,11203.82324,11786.61719,11158.28516,11747.02246,11747.02246,24411254471
2020-08-06,11749.87109,11902.33594,11598.71387,11779.77344,11779.77344,23400740340
2020-08-07,11778.89453,11898.03809,11408.59375,11601.47266,11601.47266,23132312867
2020-08-08,11604.55371,11800.06445,11558.43164,11754.0459,11754.0459,17572057837
2020-08-09,11737.3252,11806.05664,11548.78418,11675.73926,11675.73926,17489608833
2020-08-10,11662.25684,12045.14063,11662.25684,11878.11133,11878.11133,26114112569
2020-08-11,11881.64746,11932.71094,11195.70898,11410.52539,11410.52539,27039782640
2020-08-12,11404.59668,11748.39648,11249.60547,11584.93457,11584.93457,25064548486
2020-08-13,11588.40527,11796.39648,11216.87207,11784.1377,11784.1377,27522199497
2020-08-14,11772.65918,12150.99414,11685.45508,11768.87109,11768.87109,24237958589
2020-08-15,11768.69727,11963.20313,11768.69727,11865.69824,11865.69824,23354924400
2020-08-16,11866.68555,11934.90137,11737.18848,11892.80371,11892.80371,20583375490
2020-08-17,11895.6582,12359.05664,11806.69629,12254.40234,12254.40234,28227687027
2020-08-18,12251.89551,12335.70703,11954.52539,11991.2334,11991.2334,26043227672
2020-08-19,11990.88477,12028.92383,11687.33301,11758.2832,11758.2832,24502851117
2020-08-20,11761.5,11900.41113,11710.06348,11878.37207,11878.37207,20175242945
2020-08-21,11878.02637,11899.25977,11564.97949,11592.48926,11592.48926,23762425999
2020-08-22,11585.47754,11689.40723,11448.80566,11681.8252,11681.8252,20224191306
2020-08-23,11679.69629,11713.42969,11559.9209,11664.84766,11664.84766,18482062658
2020-08-24,11663.68945,11807.63184,11623.25,11774.5957,11774.5957,20681511755
2020-08-25,11773.58887,11778.29981,11189.85059,11366.13477,11366.13477,26301509932
2020-08-26,11366.89453,11530.05273,11296.99316,11488.36328,11488.36328,22466660958
2020-08-27,11485.6084,11570.78613,11185.94141,11323.39746,11323.39746,23240415076
2020-08-28,11325.2959,11545.61523,11316.42285,11542.5,11542.5,19807127588
2020-08-29,11541.05469,11585.64063,11466.29297,11506.86523,11506.86523,17485597759
2020-08-30,11508.71387,11715.26465,11492.38184,11711.50586,11711.50586,19760127945
2020-08-31,11713.30664,11768.87695,11598.31836,11680.82031,11680.82031,22285928250
2020-09-01,11679.31641,12067.08106,11601.12891,11970.47852,11970.47852,27311555343
2020-09-02,11964.82324,11964.82324,11290.79395,11414.03418,11414.03418,28037405299
2020-09-03,11407.19141,11443.02246,10182.46484,10245.29688,10245.29688,31927261555
2020-09-04,10230.36523,10663.91992,10207.94043,10511.81348,10511.81348,29965130374
2020-09-05,10512.53027,10581.57129,9946.675781,10169.56738,10169.56738,44916565292
2020-09-06,10167.2168,10353.92773,10056.88574,10280.35156,10280.35156,37071460174
2020-09-07,10280.99805,10399.15332,9916.493164,10369.56348,10369.56348,33703098409
2020-09-08,10369.30664,10414.77539,9945.110352,10131.5166,10131.5166,33430927462
2020-09-09,10134.15137,10350.54297,10017.25098,10242.34766,10242.34766,24128292755
2020-09-10,10242.33008,10503.91211,10238.13574,10363.13867,10363.13867,54406443211
2020-09-11,10369.02832,10434.92285,10140.83691,10400.91504,10400.91504,45201121775
2020-09-12,10409.86133,10578.83789,10292.38672,10442.1709,10442.1709,36750077324
2020-09-13,10452.39941,10577.21484,10224.33008,10323.75586,10323.75586,36506852789
2020-09-14,10328.73438,10800.01074,10266.00879,10680.83789,10680.83789,35453581940
2020-09-15,10677.75488,10938.63184,10656.45996,10796.95117,10796.95117,32509451925
2020-09-16,10797.76172,11100.12402,10704.88477,10974.90527,10974.90527,30769986455
2020-09-17,10973.25195,11037.4209,10774.62793,10948.99023,10948.99023,38151810523
2020-09-18,10951.82031,11034.9082,10829.65723,10944.58594,10944.58594,26341903912
2020-09-19,10933.75293,11134.09277,10909.61816,11094.34668,11094.34668,22764204008
2020-09-20,11095.87012,11095.87012,10814.47754,10938.27148,10938.27148,24699523788
2020-09-21,10934.92578,10988.30469,10380.26074,10462.25977,10462.25977,28884999244
2020-09-22,10459.62402,10568.07715,10382.72656,10538.45996,10538.45996,23621787804
2020-09-23,10539.45703,10637.84766,10185.77441,10225.86426,10225.86426,22986733997
2020-09-24,10227.47949,10765.79492,10215.20508,10745.54883,10745.54883,23017536742
2020-09-25,10747.47266,10757.54883,10594.04785,10702.29004,10702.29004,21232549821
2020-09-26,10702.23731,10778.5,10682.08203,10754.4375,10754.4375,18105012128
2020-09-27,10752.93945,10804.73242,10643.45801,10774.42676,10774.42676,18016880214
2020-09-28,10771.6416,10949.12305,10716.67676,10721.32715,10721.32715,22720365389
2020-09-29,10712.46289,10858.93945,10665.34473,10848.83008,10848.83008,20459870042
2020-09-30,10845.41113,10856.52832,10689.6709,10787.61816,10787.61816,20759622010
2020-10-01,10785.01074,10915.84375,10493.55273,10623.33008,10623.33008,27178227816
2020-10-02,10624.39063,10662.81348,10440.31152,10585.16406,10585.16406,23127839259
2020-10-03,10583.80664,10614.0918,10527.97852,10565.49316,10565.49316,17094010304
2020-10-04,10567.91992,10700.79102,10531.34277,10684.42871,10684.42871,17546792792
2020-10-05,10688.03418,10804.00098,10646.44336,10804.00098,10804.00098,19385191766
2020-10-06,10799.77832,10803.45606,10565.19727,10621.66406,10621.66406,22264958686
2020-10-07,10619.80371,10687.26856,10591.96387,10679.13672,10679.13672,17634388529
2020-10-08,10677.625,10939.79981,10569.82324,10923.62793,10923.62793,21962121001
2020-10-09,null,null,null,null,null,null
2020-10-10,11059.14258,11442.21094,11056.94043,11296.36133,11296.36133,22877978588
2020-10-11,11296.08203,11428.81348,11288.62793,11384.18164,11384.18164,19968627060
2020-10-12,null,null,null,null,null,null
2020-10-13,null,null,null,null,null,null
2020-10-14,11429.04785,11539.97754,11307.83106,11429.50684,11429.50684,24103426719
2020-10-15,11426.60254,11569.91406,11303.60352,11495.34961,11495.34961,24487233058
2020-10-16,11502.82813,11540.06152,11223.0127,11322.12305,11322.12305,25635480772
2020-10-17,11322.12305,11386.26172,11285.3457,11358.10156,11358.10156,19130430174
2020-10-18,11355.98242,11483.35938,11347.57813,11483.35938,11483.35938,18283314340
2020-10-19,11495.03809,11799.09277,11408.29004,11742.03711,11742.03711,23860769928
2020-10-20,11745.97461,11999.91797,11681.48047,11916.33496,11916.33496,30915821592
2020-10-21,11913.07715,13184.56641,11900.92871,12823.68945,12823.68945,43414712626
2020-10-22,12801.63574,13161.59375,12717.09375,12965.8916,12965.8916,34729759598
2020-10-23,12971.54883,13015.96191,12752.64746,12931.53906,12931.53906,28974975003
2020-10-24,12931.57422,13145.06641,12885.74707,13108.0625,13108.0625,24542317940
2020-10-25,13108.06348,13329.18359,12910.06152,13031.17383,13031.17383,24406920575
2020-10-26,13031.20117,13225.29785,12822.38281,13075.24805,13075.24805,29461458313
2020-10-27,13075.24219,13759.66895,13060.83789,13654.21875,13654.21875,33749878156
2020-10-28,13654.21484,13837.69531,12932.25098,13271.28516,13271.28516,35867318895
2020-10-29,13271.29883,13612.04785,12980.05957,13437.88281,13437.88281,56499499598
2020-10-30,13437.87402,13651.5166,13136.19824,13546.52246,13546.52246,30581485201
2020-10-31,13546.53223,14028.21387,13457.53027,13780.99512,13780.99512,30306464719
2020-11-01,13780.99512,13862.0332,13628.37793,13737.10938,13737.10938,24453857900
2020-11-02,13737.03223,13808.32324,13243.16016,13550.48926,13550.48926,30771455468
2020-11-03,13550.45117,13984.98145,13325.44141,13950.30078,13950.30078,29869951617
2020-11-04,13950.48828,14218.7666,13580.47168,14133.70703,14133.70703,35116364962
2020-11-05,14133.7334,15706.4043,14102.08887,15579.84863,15579.84863,40856321439
2020-11-06,15579.72949,15903.4375,15226.83984,15565.88086,15565.88086,39837841971
2020-11-07,15565.88086,15737.0957,14423.20313,14833.75391,14833.75391,35024953706
2020-11-08,14833.75391,15637.32031,14744.11035,15479.56738,15479.56738,26632075029
2020-11-09,15479.5957,15785.13672,14865.5293,15332.31543,15332.31543,34149115566
2020-11-10,15332.35059,15450.3291,15124.95996,15290.90234,15290.90234,25574938143
2020-11-11,15290.90918,15916.26074,15290.00684,15701.33984,15701.33984,29772374934
2020-11-12,15701.29883,16305.00391,15534.77148,16276.34375,16276.34375,34175758344
2020-11-13,16276.44043,16463.17773,15992.15234,16317.80859,16317.80859,31599492172
2020-11-14,16317.80859,16317.80859,15749.19336,16068.13867,16068.13867,27481710135
2020-11-15,16068.13965,16123.11035,15793.53418,15955.58789,15955.58789,23653867583
2020-11-16,15955.57715,16816.18164,15880.70606,16716.11133,16716.11133,31526766675
2020-11-17,16685.69141,17782.91992,16564.54492,17645.40625,17645.40625,39006849170
2020-11-18,17645.19141,18393.94922,17352.90625,17804.00586,17804.00586,49064800278
2020-11-19,17803.86133,18119.54688,17382.55469,17817.08984,17817.08984,36985055355
2020-11-20,17817.08398,18773.22656,17765.79492,18621.31445,18621.31445,36992873940
2020-11-21,18621.31641,18936.62109,18444.35938,18642.23242,18642.23242,39650210707
2020-11-22,18642.23242,18688.96875,17671.38477,18370.00195,18370.00195,41280434226
2020-11-23,18370.01758,18711.42578,18000.79688,18364.12109,18364.12109,42741112308
2020-11-24,18365.01563,19348.27148,18128.65625,19107.46484,19107.46484,51469565009
2020-11-25,19104.41016,19390.96484,18581.14648,18732.12109,18732.12109,43710357371
2020-11-26,18729.83984,18866.28516,16351.03516,17150.62305,17150.62305,61396835737
2020-11-27,17153.91406,17445.02344,16526.42383,17108.40234,17108.40234,38886494645
2020-11-28,17112.93359,17853.93945,16910.65234,17717.41406,17717.41406,32601040734
2020-11-29,17719.63477,18283.62891,17559.11719,18177.48438,18177.48438,31133957704
2020-11-30,18178.32227,19749.26367,18178.32227,19625.83594,19625.83594,47728480399
2020-12-01,19633.76953,19845.97461,18321.92188,18802.99805,18802.99805,49633658712
2020-12-02,18801.74414,19308.33008,18347.71875,19201.0918,19201.0918,37387697139
2020-12-03,19205.92578,19566.19141,18925.78516,19445.39844,19445.39844,31930317405
2020-12-04,19446.9668,19511.4043,18697.19336,18699.76563,18699.76563,33872388058
2020-12-05,18698.38477,19160.44922,18590.19336,19154.23047,19154.23047,27242455064
2020-12-06,19154.17969,19390.5,18897.89453,19345.12109,19345.12109,25293775714
2020-12-07,19343.12891,19411.82813,18931.14258,19191.63086,19191.63086,26896357742
2020-12-08,19191.5293,19283.47852,18269.94531,18321.14453,18321.14453,31692288756
2020-12-09,18320.88477,18626.29297,17935.54688,18553.91602,18553.91602,34420373071
2020-12-10,18553.29883,18553.29883,17957.06445,18264.99219,18264.99219,25547132265
2020-12-11,18263.92969,18268.45313,17619.5332,18058.9043,18058.9043,27919640985
2020-12-12,18051.32031,18919.55078,18046.04102,18803.65625,18803.65625,21752580802
2020-12-13,18806.76563,19381.53516,18734.33203,19142.38281,19142.38281,25450468637
2020-12-14,19144.49219,19305.09961,19012.70898,19246.64453,19246.64453,22473997681
2020-12-15,19246.91992,19525.00781,19079.8418,19417.07617,19417.07617,26741982541
2020-12-16,19418.81836,21458.9082,19298.31641,21310.59766,21310.59766,44409011479
2020-12-17,21308.35156,23642.66016,21234.67578,22805.16211,22805.16211,71378606374
2020-12-18,22806.79688,23238.60156,22399.8125,23137.96094,23137.96094,40387896275
2020-12-19,23132.86523,24085.85547,22826.47266,23869.83203,23869.83203,38487546580
2020-12-20,23861.76563,24209.66016,23147.71094,23477.29492,23477.29492,37844228422
2020-12-21,23474.45508,24059.98242,22159.36719,22803.08203,22803.08203,45852713981
2020-12-22,22794.03906,23789.90234,22430.60547,23783.0293,23783.0293,44171632681
2020-12-23,23781.97461,24024.49023,22802.64648,23241.3457,23241.3457,51146161904
2020-12-24,23240.20313,23768.33789,22777.59766,23735.94922,23735.94922,41080759713
2020-12-25,23733.57031,24710.10156,23463.67383,24664.79102,24664.79102,42068395846
2020-12-26,24677.01563,26718.07031,24522.68945,26437.03711,26437.03711,48332647295
2020-12-27,26439.37305,28288.83984,25922.76953,26272.29492,26272.29492,66479895605
2020-12-28,26280.82227,27389.11133,26207.64063,27084.80859,27084.80859,49056742893
2020-12-29,27081.81055,27370.7207,25987.29883,27362.4375,27362.4375,45265946774
2020-12-30,27360.08984,28937.74023,27360.08984,28840.95313,28840.95313,51287442704
2020-12-31,28841.57422,29244.87695,28201.99219,29001.7207,29001.7207,46754964848
2021-01-01,28994.00977,29600.62695,28803.58594,29374.15234,29374.15234,40730301359
2021-01-02,29376.45508,33155.11719,29091.18164,32127.26758,32127.26758,67865420765
2021-01-03,32129.4082,34608.55859,32052.31641,32782.02344,32782.02344,78665235202
2021-01-04,32810.94922,33440.21875,28722.75586,31971.91406,31971.91406,81163475344
2021-01-05,31977.04102,34437.58984,30221.1875,33992.42969,33992.42969,67547324782
2021-01-06,34013.61328,36879.69922,33514.03516,36824.36328,36824.36328,75289433811
2021-01-07,36833.875,40180.36719,36491.19141,39371.04297,39371.04297,84762141031
2021-01-08,39381.76563,41946.73828,36838.63672,40797.60938,40797.60938,88107519480
2021-01-09,40788.64063,41436.35156,38980.875,40254.54688,40254.54688,61984162837
2021-01-10,40254.21875,41420.19141,35984.62891,38356.44141,38356.44141,79980747690
2021-01-11,38346.53125,38346.53125,30549.59961,35566.65625,35566.65625,1.23321E+11
2021-01-12,35516.35938,36568.52734,32697.97656,33922.96094,33922.96094,74773277909
2021-01-13,33915.12109,37599.96094,32584.66797,37316.35938,37316.35938,69364315979
2021-01-14,37325.10938,39966.40625,36868.5625,39187.32813,39187.32813,63615990033
2021-01-15,39156.70703,39577.71094,34659.58984,36825.36719,36825.36719,67760757881
2021-01-16,36821.64844,37864.36719,35633.55469,36178.14063,36178.14063,57706187875
2021-01-17,36163.64844,36722.35156,34069.32031,35791.27734,35791.27734,52359854336
2021-01-18,35792.23828,37299.28516,34883.84375,36630.07422,36630.07422,49511702429
2021-01-19,36642.23438,37755.89063,36069.80469,36069.80469,36069.80469,57244195486
2021-01-20,36050.11328,36378.32813,33570.47656,35547.75,35547.75,66834573161
2021-01-21,35549.39844,35552.67969,30250.75,30825.69922,30825.69922,75643067688
2021-01-22,30817.625,33811.85156,28953.37305,33005.76172,33005.76172,77207272511
2021-01-23,32985.75781,33360.97656,31493.16016,32067.64258,32067.64258,48354737975
2021-01-24,32064.37695,32944.00781,31106.68555,32289.37891,32289.37891,48643830599
2021-01-25,32285.79883,34802.74219,32087.78711,32366.39258,32366.39258,59897054838
2021-01-26,32358.61328,32794.55078,31030.26563,32569.84961,32569.84961,60255421470
2021-01-27,32564.0293,32564.0293,29367.13867,30432.54688,30432.54688,62576762015
2021-01-28,30441.04102,31891.30078,30023.20703,31649.60547,31649.60547,78948162368
2021-01-29,34318.67188,38406.26172,32064.81445,34316.38672,34316.38672,1.17895E+11
2021-01-30,34295.93359,34834.70703,32940.1875,34269.52344,34269.52344,65141828798
2021-01-31,34270.87891,34288.33203,32270.17578,33114.35938,33114.35938,52754542671
2021-02-01,33114.57813,34638.21484,32384.22852,33537.17578,33537.17578,61400400660
2021-02-02,33533.19922,35896.88281,33489.21875,35510.28906,35510.28906,63088585433
2021-02-03,35510.82031,37480.1875,35443.98438,37472.08984,37472.08984,61166818159
2021-02-04,37475.10547,38592.17578,36317.5,36926.06641,36926.06641,68838074392
2021-02-05,36931.54688,38225.90625,36658.76172,38144.30859,38144.30859,58598066402
2021-02-06,38138.38672,40846.54688,38138.38672,39266.01172,39266.01172,71326033653
2021-02-07,39250.19141,39621.83594,37446.15234,38903.44141,38903.44141,65500641143
2021-02-08,38886.82813,46203.92969,38076.32422,46196.46484,46196.46484,1.01467E+11
2021-02-09,46184.99219,48003.72266,45166.96094,46481.10547,46481.10547,91809846886
2021-02-10,46469.76172,47145.56641,43881.15234,44918.18359,44918.18359,87301089896
2021-02-11,44898.71094,48463.46875,44187.76172,47909.33203,47909.33203,81388911810
2021-02-12,47877.03516,48745.73438,46424.97656,47504.85156,47504.85156,76555041196
2021-02-13,47491.20313,48047.74609,46392.28125,47105.51563,47105.51563,70250456155
2021-02-14,47114.50781,49487.64063,47114.50781,48717.28906,48717.28906,71248675228
2021-02-15,48696.53516,48875.57031,46347.47656,47945.05859,47945.05859,77069903166
2021-02-16,47944.45703,50341.10156,47201.30469,49199.87109,49199.87109,77049582886
2021-02-17,49207.27734,52533.91406,49072.37891,52149.00781,52149.00781,80820545404
2021-02-18,52140.97266,52474.10547,51015.76563,51679.79688,51679.79688,52054723579
2021-02-19,51675.98047,56113.65234,50937.27734,55888.13281,55888.13281,63495496918
2021-02-20,55887.33594,57505.22656,54626.55859,56099.51953,56099.51953,68145460026
2021-02-21,56068.56641,58330.57031,55672.60938,57539.94531,57539.94531,51897585191
2021-02-22,57532.73828,57533.39063,48967.56641,54207.32031,54207.32031,92052420332
2021-02-23,54204.92969,54204.92969,45290.58984,48824.42578,48824.42578,1.06102E+11
2021-02-24,48835.08594,51290.13672,47213.5,49705.33203,49705.33203,63695521388
2021-02-25,49709.08203,51948.96875,47093.85156,47093.85156,47093.85156,54506565949
2021-02-26,47180.46484,48370.78516,44454.84375,46339.76172,46339.76172,3.50968E+11
2021-02-27,46344.77344,48253.26953,45269.02734,46188.45313,46188.45313,45910946382
2021-02-28,46194.01563,46716.42969,43241.61719,45137.76953,45137.76953,53443887451
2021-03-01,45159.50391,49784.01563,45115.09375,49631.24219,49631.24219,53891300112
2021-03-02,49612.10547,50127.51172,47228.84375,48378.98828,48378.98828,47530897720
2021-03-03,48415.81641,52535.13672,48274.32031,50538.24219,50538.24219,53220811975
2021-03-04,50522.30469,51735.08984,47656.92969,48561.16797,48561.16797,52343816680
2021-03-05,48527.03125,49396.42969,46542.51563,48927.30469,48927.30469,48625928883
2021-03-06,48899.23047,49147.21875,47257.52734,48912.38281,48912.38281,34363564661
2021-03-07,48918.67969,51384.36719,48918.67969,51206.69141,51206.69141,43137459378
2021-03-08,51174.11719,52314.07031,49506.05469,52246.52344,52246.52344,48597428048
2021-03-09,52272.96875,54824.11719,51981.83203,54824.11719,54824.11719,50912227385
2021-03-10,54824.01172,57258.25391,53290.89063,56008.55078,56008.55078,57295577614
2021-03-11,55963.17969,58091.0625,54484.59375,57805.12109,57805.12109,56772343595
2021-03-12,57821.21875,57996.62109,55376.64844,57332.08984,57332.08984,55689944702
2021-03-13,57343.37109,61683.86328,56217.97266,61243.08594,61243.08594,60669829814
2021-03-14,61221.13281,61597.91797,59302.31641,59302.31641,59302.31641,43901225564
2021-03-15,59267.42969,60540.99219,55393.16406,55907.19922,55907.19922,66419369890
2021-03-16,55840.78516,56833.17969,53555.02734,56804.90234,56804.90234,59749798599
2021-03-17,56825.82813,58969.81641,54528.62891,58870.89453,58870.89453,60258313191
2021-03-18,58893.07813,60116.25,54253.57813,57858.92188,57858.92188,55746041000
2021-03-19,57850.44141,59498.375,56643.70313,58346.65234,58346.65234,49063873786
2021-03-20,58332.26172,60031.28516,58213.29688,58313.64453,58313.64453,50361731222
2021-03-21,58309.91406,58767.89844,56005.61719,57523.42188,57523.42188,51943414539
2021-03-22,57517.89063,58471.48047,54288.15625,54529.14453,54529.14453,56521454974
2021-03-23,54511.66016,55985.44141,53470.69531,54738.94531,54738.94531,56435023914
2021-03-24,54710.48828,57262.38281,52514.33203,52774.26563,52774.26563,70567223787
2021-03-25,52726.74609,53392.38672,50856.57031,51704.16016,51704.16016,67999812841
2021-03-26,51683.01172,55137.3125,51579.85547,55137.3125,55137.3125,56652197978
2021-03-27,55137.56641,56568.21484,54242.91016,55973.51172,55973.51172,47266542233
2021-03-28,55974.94141,56610.3125,55071.11328,55950.74609,55950.74609,47686580918
2021-03-29,55947.89844,58342.09766,55139.33984,57750.19922,57750.19922,57625587027
2021-03-30,57750.13281,59447.22266,57251.55078,58917.69141,58917.69141,54414116432
2021-03-31,58930.27734,59930.02734,57726.41797,58918.83203,58918.83203,65520826225
2021-04-01,58926.5625,59586.07031,58505.27734,59095.80859,59095.80859,61669163792
2021-04-02,59098.87891,60267.1875,58869.28125,59384.3125,59384.3125,58727860620
2021-04-03,59397.41016,60110.26953,57603.89063,57603.89063,57603.89063,59641344484
2021-04-04,57604.83984,58913.74609,57168.67578,58758.55469,58758.55469,50749662970
2021-04-05,58760.875,59891.29688,57694.82422,59057.87891,59057.87891,60706272115
2021-04-06,59171.93359,59479.57813,57646.80859,58192.35938,58192.35938,66058027988
2021-04-07,58186.50781,58731.14453,55604.02344,56048.9375,56048.9375,75645303584
2021-04-08,56099.91406,58338.73828,55879.08594,58323.95313,58323.95313,53053855641
2021-04-09,58326.5625,58937.04688,57807.86328,58245.00391,58245.00391,46655208546
2021-04-10,58253.77734,61276.66406,58038.70703,59793.23438,59793.23438,58238470525
2021-04-11,59846.23047,60790.55469,59289.79688,60204.96484,60204.96484,46280252580
2021-04-12,60175.94531,61253.03516,59589.875,59893.45313,59893.45313,51828688519
2021-04-13,59890.01953,63742.28516,59869.95703,63503.45703,63503.45703,69983454362
2021-04-14,63523.75391,64863.09766,61554.79688,63109.69531,63109.69531,77451779687
2021-04-15,63075.19531,63821.67188,62208.96484,63314.01172,63314.01172,60954381579
2021-04-16,63258.50391,63594.72266,60222.53125,61572.78906,61572.78906,84293007468
2021-04-17,61529.92188,62572.17578,60361.35156,60683.82031,60683.82031,66138759198
2021-04-18,60701.88672,61057.45703,52829.53516,56216.18359,56216.18359,97468872758
2021-04-19,56191.58594,57520.05469,54368.59375,55724.26563,55724.26563,65344865159
2021-04-20,55681.79297,57062.14844,53448.04688,56473.03125,56473.03125,67849323955
2021-04-21,56471.12891,56757.97266,53695.46875,53906.08984,53906.08984,54926612466
2021-04-22,53857.10547,55410.23047,50583.8125,51762.27344,51762.27344,74798630778
2021-04-23,51739.80859,52120.79297,47714.66406,51093.65234,51093.65234,86668667320
2021-04-24,51143.22656,51167.5625,48805.28516,50050.86719,50050.86719,49014494781
2021-04-25,50052.83203,50506.01953,47159.48438,49004.25391,49004.25391,46117114240
2021-04-26,49077.79297,54288.00391,48852.79688,54021.75391,54021.75391,58284039825
2021-04-27,54030.30469,55416.96484,53319.1875,55033.11719,55033.11719,49448222757
2021-04-28,55036.63672,56227.20703,53887.91797,54824.70313,54824.70313,48000572955
2021-04-29,54858.08984,55115.84375,52418.02734,53555.10938,53555.10938,46088929780
2021-04-30,53568.66406,57900.71875,53129.60156,57750.17578,57750.17578,52395931985
2021-05-01,57714.66406,58448.33984,57052.27344,57828.05078,57828.05078,42836427360
2021-05-02,57825.86328,57902.59375,56141.90625,56631.07813,56631.07813,38177405335
2021-05-03,56620.27344,58973.30859,56590.87109,57200.29297,57200.29297,51713139031
2021-05-04,57214.17969,57214.17969,53191.42578,53333.53906,53333.53906,68564706967
2021-05-05,53252.16406,57911.36328,52969.05469,57424.00781,57424.00781,69241316747
2021-05-06,57441.30859,58363.31641,55382.50781,56396.51563,56396.51563,69523285106
2021-05-07,56413.95313,58606.63281,55321.84766,57356.40234,57356.40234,68434023376
2021-05-08,57352.76563,59464.61328,56975.21094,58803.77734,58803.77734,65382980634
2021-05-09,58877.39063,59210.88281,56482.00391,58232.31641,58232.31641,65906690347
2021-05-10,58250.87109,59519.35547,54071.45703,55859.79688,55859.79688,71776546298
2021-05-11,55847.24219,56872.54297,54608.65234,56704.57422,56704.57422,61308396325
2021-05-12,56714.53125,57939.36328,49150.53516,49150.53516,49150.53516,75215403907
2021-05-13,49735.43359,51330.84375,46980.01953,49716.19141,49716.19141,96721152926
2021-05-14,49682.98047,51438.11719,48868.57813,49880.53516,49880.53516,55737497453
2021-05-15,49855.49609,50639.66406,46664.14063,46760.1875,46760.1875,59161047474
2021-05-16,46716.63672,49720.04297,43963.35156,46456.05859,46456.05859,64047871555
2021-05-17,46415.89844,46623.55859,42207.28906,43537.51172,43537.51172,74903638450
2021-05-18,43488.05859,45812.45703,42367.83203,42909.40234,42909.40234,56187365084
2021-05-19,42944.97656,43546.11719,30681.49609,37002.44141,37002.44141,1.26358E+11
2021-05-20,36753.66797,42462.98438,35050.61719,40782.73828,40782.73828,88281943359
2021-05-21,40596.94922,42172.17188,33616.45313,37304.69141,37304.69141,82051616861
2021-05-22,37371.03125,38831.05469,35383.68359,37536.63281,37536.63281,57377273240
2021-05-23,37531.44922,38289.21875,31227.33984,34770.58203,34770.58203,78469274361
2021-05-24,34700.36328,39835.14063,34551.08203,38705.98047,38705.98047,67359584098
2021-05-25,38795.78125,39776.35156,36581.42969,38402.22266,38402.22266,56211915803
2021-05-26,38392.625,40782.07813,37905.83594,39294.19922,39294.19922,51346735160
2021-05-27,39316.89063,40379.61719,37247.90234,38436.96875,38436.96875,43210968721
2021-05-28,38507.08203,38856.96875,34779.03906,35697.60547,35697.60547,55200191952
2021-05-29,35684.15625,37234.5,33693.92969,34616.06641,34616.06641,45231013335
2021-05-30,34607.40625,36400.66797,33520.73828,35678.12891,35678.12891,31646080921
2021-05-31,35658.59375,37468.25,34241.94531,37332.85547,37332.85547,39009847639
2021-06-01,37293.79297,37896.73438,35787.08594,36684.92578,36684.92578,34639423297
2021-06-02,36699.92188,38231.33984,35966.30859,37575.17969,37575.17969,33070867190
2021-06-03,37599.41016,39478.95313,37243.97266,39208.76563,39208.76563,35460750427
2021-06-04,39242.48438,39242.48438,35717.72266,36894.40625,36894.40625,41831090187
2021-06-05,36880.15625,37917.71484,34900.41406,35551.95703,35551.95703,35959473399
2021-06-06,35538.60938,36436.42188,35304.57813,35862.37891,35862.37891,28913440585
2021-06-07,35835.26563,36790.57031,33480.64063,33560.70703,33560.70703,33683936663
2021-06-08,33589.51953,34017.38672,31114.44336,33472.63281,33472.63281,49902050442
2021-06-09,33416.97656,37537.37109,32475.86523,37345.12109,37345.12109,53972919008
2021-06-10,37389.51563,38334.32422,35847.59375,36702.59766,36702.59766,43576032854
2021-06-11,36697.03125,37608.69531,36044.44922,37334.39844,37334.39844,38699736985
2021-06-12,37340.14453,37408.92578,34728.19141,35552.51563,35552.51563,37924228550
2021-06-13,35555.78906,39322.78125,34864.10938,39097.85938,39097.85938,40669112838
2021-06-14,39016.96875,40978.36328,38757.28516,40218.47656,40218.47656,43148914673
2021-06-15,40427.16797,41295.26953,39609.46875,40406.26953,40406.26953,46420149185
2021-06-16,40168.69141,40516.77734,38176.03516,38347.0625,38347.0625,39211635100
2021-06-17,38341.42188,39513.67188,37439.67578,38053.50391,38053.50391,37096670047
2021-06-18,38099.47656,38187.26172,35255.85547,35787.24609,35787.24609,36200887275
2021-06-19,35854.52734,36457.79688,34933.0625,35615.87109,35615.87109,31207279719
2021-06-20,35563.14063,36059.48438,33432.07422,35698.29688,35698.29688,36664034054
2021-06-21,35641.14453,35721.64063,31295.93555,31676.69336,31676.69336,52809038594
2021-06-22,31622.37695,33292.45313,28893.62109,32505.66016,32505.66016,58964353058
2021-06-23,32515.71484,34753.41016,31772.63281,33723.02734,33723.02734,46317108925
2021-06-24,33682.80078,35228.85156,32385.21484,34662.4375,34662.4375,33123368116
2021-06-25,34659.10547,35487.24609,31350.88477,31637.7793,31637.7793,40230904226
2021-06-26,31594.66406,32637.58789,30184.50195,32186.27734,32186.27734,38585385521
2021-06-27,32287.52344,34656.12891,32071.75781,34649.64453,34649.64453,35511640894
2021-06-28,34679.12109,35219.89063,33902.07422,34434.33594,34434.33594,33892523752
2021-06-29,34475.55859,36542.10938,34252.48438,35867.77734,35867.77734,37901460044
2021-06-30,35908.38672,36074.75781,34086.15234,35040.83594,35040.83594,34059036099
2021-07-01,35035.98438,35035.98438,32883.78125,33572.11719,33572.11719,37838957079
2021-07-02,33549.60156,33939.58984,32770.67969,33897.04688,33897.04688,38728974942
2021-07-03,33854.42188,34909.26172,33402.69531,34668.54688,34668.54688,24383958643
2021-07-04,34665.56641,35937.56641,34396.47656,35287.78125,35287.78125,24924307911
2021-07-05,35284.34375,35284.34375,33213.66016,33746.00391,33746.00391,26721554282
2021-07-06,33723.50781,35038.53516,33599.91797,34235.19531,34235.19531,26501259870
2021-07-07,34225.67969,34997.66406,33839.28906,33855.32813,33855.32813,24796027477
2021-07-08,33889.60547,33907.90625,32133.18359,32877.37109,32877.37109,29910396946
2021-07-09,32861.67188,34042.29297,32318.88086,33798.01172,33798.01172,27436021028
2021-07-10,33811.24219,34209.07031,33116.01172,33520.51953,33520.51953,22971873468
2021-07-11,33509.07813,34584.70313,33346.73828,34240.1875,34240.1875,20108729370
2021-07-12,34254.01563,34592.15625,32697.30859,33155.84766,33155.84766,24321499537
2021-07-13,33125.46875,33327.10156,32261.41992,32702.02539,32702.02539,19120856669
2021-07-14,32723.8457,33061.39844,31639.125,32822.34766,32822.34766,21376531210
2021-07-15,32827.875,33159.64063,31175.70898,31780.73047,31780.73047,21300524237
2021-07-16,31841.55078,32218.40625,31100.67383,31421.53906,31421.53906,23699476918
2021-07-17,31397.30859,31935.94531,31223.99023,31533.06836,31533.06836,18895018942
2021-07-18,31533.88477,32398.99609,31215.49219,31796.81055,31796.81055,18787986667
2021-07-19,31800.01172,31885.85938,30563.73438,30817.83203,30817.83203,20434789545
2021-07-20,30838.28516,31006.1875,29360.95508,29807.34766,29807.34766,23148267245
2021-07-21,29796.28516,32752.32617,29526.18359,32110.69336,32110.69336,28203024559
2021-07-22,32138.87305,32576.40039,31745.29883,32313.10547,32313.10547,19555230518
2021-07-23,32305.95898,33581.55078,32057.89258,33581.55078,33581.55078,22552046192
2021-07-24,33593.73047,34490.39063,33424.85938,34292.44531,34292.44531,21664706865
2021-07-25,34290.29297,35364.92578,33881.83594,35350.1875,35350.1875,20856685287
2021-07-26,35384.03125,40499.67578,35287.3125,37337.53516,37337.53516,51022126212
2021-07-27,37276.03516,39406.94141,36441.72656,39406.94141,39406.94141,35097370560
2021-07-28,39503.1875,40816.07031,38862.4375,39995.90625,39995.90625,38702404695
2021-07-29,39995.45313,40593.07031,39352.05859,40008.42188,40008.42188,27167146027
2021-07-30,40027.48438,42235.54688,38397.35547,42235.54688,42235.54688,33072782960
2021-07-31,42196.30469,42231.44922,41110.83203,41626.19531,41626.19531,25802845343
2021-08-01,41460.84375,42541.67969,39540.94141,39974.89453,39974.89453,26688438115
2021-08-02,39907.26172,40419.17969,38746.34766,39201.94531,39201.94531,25595265436
2021-08-03,39178.40234,39750.03125,37782.05078,38152.98047,38152.98047,26189830450
2021-08-04,38213.33203,39952.29688,37589.16406,39747.50391,39747.50391,25372562724
2021-08-05,39744.51563,41341.93359,37458.00391,40869.55469,40869.55469,35185031017
2021-08-06,40865.86719,43271.66016,39932.17969,42816.5,42816.5,38226483046
2021-08-07,42832.79688,44689.85938,42618.56641,44555.80078,44555.80078,40030862141
2021-08-08,44574.4375,45282.35156,43331.91016,43798.11719,43798.11719,36302664750
2021-08-09,43791.92578,46456.83203,42848.6875,46365.40234,46365.40234,38734079049
2021-08-10,46280.84766,46637.98828,44705.55469,45585.03125,45585.03125,33546019517
2021-08-11,45599.70313,46735.63281,45351.71094,45593.63672,45593.63672,34319709073
2021-08-12,45576.87891,46228.91016,43861.44531,44428.28906,44428.28906,33723620826
2021-08-13,44439.69141,47831.97656,44282.41797,47793.32031,47793.32031,31744259539
2021-08-14,47810.6875,48098.68359,46177.63281,47096.94531,47096.94531,31211354442
2021-08-15,47096.66797,47357.10547,45579.58984,47047.00391,47047.00391,30988958446
2021-08-16,47019.96094,47998.09766,45700.32031,46004.48438,46004.48438,32776876610
2021-08-17,45936.45703,47139.57031,44512.41797,44695.35938,44695.35938,33451362600
2021-08-18,44686.75,45952.0625,44364.02734,44801.1875,44801.1875,32194123075
2021-08-19,44741.88281,46970.76172,43998.31641,46717.57813,46717.57813,37204312299
2021-08-20,46723.12109,49342.15234,46650.70703,49339.17578,49339.17578,34706867452
2021-08-21,49327.07422,49717.01953,48312.19922,48905.49219,48905.49219,40585205312
2021-08-22,48869.10547,49471.60938,48199.94141,49321.65234,49321.65234,25370975378
2021-08-23,49291.67578,50482.07813,49074.60547,49546.14844,49546.14844,34305053719
2021-08-24,49562.34766,49878.76953,47687.11719,47706.11719,47706.11719,35361168834
2021-08-25,47727.25781,49202.87891,47163.61328,48960.78906,48960.78906,32646349931
2021-08-26,49002.64063,49347.58203,46405.78125,46942.21875,46942.21875,32666549568
2021-08-27,46894.55469,49112.78516,46394.28125,49058.66797,49058.66797,34511076995
2021-08-28,49072.58594,49283.50391,48499.23828,48902.40234,48902.40234,28568103401
2021-08-29,48911.25,49644.11328,47925.85547,48829.83203,48829.83203,25889650240
2021-08-30,48834.85156,48925.60547,46950.27344,47054.98438,47054.98438,31847007016
2021-08-31,46940.29688,48105.67578,46787.875,47162.82813,47162.82813,34499608576
